element_id,web_name,team,element_type,now_cost,selected_by_percent,transfers_in_event,transfers_out_event,total_points,minutes,starts
1,"Raya","ARS",1,60,"38.1",50651,57700,6,90,1
2,"Arrizabalaga","ARS",1,50,"0.1",213,357,0,0,0
3,"Meslier","ARS",1,50,"0.0",45,127,0,0,0
4,"Gabriel","ARS",2,80,"28.0",15673,92814,5,90,1
5,"J.Timber","ARS",2,65,"0.1",223,986,0,0,0
6,"Saliba","ARS",2,60,"0.3",579,2407,0,0,0
7,"Lewis-Skelly","ARS",3,55,"0.7",2553,3416,3,90,1
8,"Calafiori","ARS",2,56,"41.6",78614,37176,9,80,1
9,"Hincapie","ARS",2,54,"1.4",2337,7763,1,9,0
10,"White","ARS",2,55,"7.0",36839,27165,11,90,1
11,"Mosquera","ARS",2,55,"5.5",4562,20821,6,90,1
12,"Saka","ARS",3,95,"10.2",13526,29639,9,67,1
13,"Rice","ARS",3,75,"16.1",7405,66298,3,67,1
14,"Eze","ARS",3,64,"1.7",2942,10314,1,14,0
15,"Ødegaard","ARS",3,66,"11.9",42274,29634,11,75,1
16,"Madueke","ARS",3,64,"0.3",579,1782,1,22,0
17,"Merino","ARS",3,59,"0.6",1306,4580,1,14,0
18,"Martinelli","ARS",3,64,"0.2",527,1674,0,0,0
19,"Zubimendi","ARS",3,54,"0.9",1719,5239,1,22,0
20,"Dowman","ARS",3,54,"0.1",317,643,0,0,0
22,"Nwaneri","ARS",3,54,"0.0",74,113,0,0,0
23,"Fábio Vieira","ARS",3,55,"0.0",78,66,0,0,0
24,"Nelson","ARS",3,55,"0.0",4,137,0,0,0
25,"Gyökeres","ARS",4,74,"6.2",3259,39275,0,0,0
26,"Havertz","ARS",4,75,"7.4",25121,29323,6,90,1
27,"G.Jesus","ARS",4,60,"0.3",1358,2575,0,0,0
31,"Konsa","ARS",2,44,"10.4",39742,56251,0,0,0
452,"Bruno G.","ARS",3,69,"2.4",425,26095,0,0,0
557,"Tzolis","ARS",3,65,"25.7",55933,52687,6,75,1
29,"M.Bizot","AVL",1,45,"0.1",997,553,1,90,1
30,"Digne","AVL",2,45,"0.1",0,949,0,0,0
32,"Cash","AVL",2,45,"7.3",7486,23909,-1,90,1
33,"Mings","AVL",2,45,"0.4",1030,1139,1,16,0
34,"Pau","AVL",2,45,"0.4",671,1194,0,73,1
35,"Bogarde","AVL",3,50,"0.1",316,399,1,16,0
36,"Maatsen","AVL",2,45,"0.7",1281,2256,0,81,1
37,"Lindelöf","AVL",2,45,"0.3",644,887,-2,90,1
38,"A.García","AVL",2,40,"1.7",4940,4885,0,0,0
39,"Nedeljkovic","AVL",2,40,"0.2",0,1594,0,0,0
41,"Buendía","AVL",3,60,"1.1",2941,6825,2,85,1
44,"Bailey","AVL",3,55,"0.1",459,901,0,0,0
45,"McGinn","AVL",3,55,"2.7",3958,12589,1,81,1
46,"Barkley","AVL",3,50,"0.2",1076,1100,2,73,1
47,"Kamara","AVL",3,50,"0.3",1416,1834,2,90,1
48,"Onana","AVL",3,50,"0.0",65,229,0,0,0
49,"Iling Jr","AVL",3,50,"0.0",0,30,0,0,0
50,"Burrowes","AVL",3,45,"0.7",2934,2771,0,0,0
51,"George Hemmings","AVL",3,45,"0.8",6502,3216,2,90,1
52,"Alysson","AVL",3,50,"0.0",182,269,1,8,0
53,"Manzambi","AVL",3,59,"0.2",153,2276,0,0,0
54,"Gomes","AVL",3,55,"0.0",24,460,-2,39,1
55,"Watkins","AVL",4,79,"6.6",2716,75274,0,0,0
56,"Abraham","AVL",4,55,"0.1",174,1010,0,0,0
160,"Garnacho","AVL",3,59,"0.5",866,3491,1,4,0
166,"N.Jackson","AVL",4,65,"0.6",21398,3812,0,0,0
582,"Madjo","AVL",4,55,"0.4",375,3427,0,0,0
596,"Ruggeri","AVL",2,45,"0.1",352,372,1,8,0
597,"Suzuki","AVL",1,50,"0.9",3612,2683,0,0,0
606,"Rowe","AVL",2,40,"0.1",2019,474,0,0,0
607,"Lynch","AVL",3,45,"0.1",1594,740,0,0,0
611,"Wan-Bissaka","AVL",2,45,"0.1",2205,416,0,0,0
618,"Goretzka","AVL",3,60,"0.0",1351,208,0,0,0
57,"Petrović","BOU",1,45,"3.4",14726,8889,5,180,2
58,"Forster","BOU",1,40,"3.2",9674,5429,0,0,0
59,"Dennis","BOU",1,40,"0.2",0,1201,0,0,0
60,"Hill","BOU",2,55,"0.9",2425,3184,5,180,2
61,"Truffert","BOU",2,55,"4.1",4937,11333,5,180,2
62,"Diakité","BOU",2,50,"0.2",726,1422,0,0,0
63,"Milosavljević","BOU",2,50,"0.0",30,85,0,0,0
64,"Smith","BOU",2,45,"0.1",586,601,2,180,2
65,"J.Araujo","BOU",2,45,"0.0",36,164,0,0,0
66,"Soler","BOU",2,40,"0.2",1448,748,0,0,0
67,"Rayan","BOU",3,65,"2.6",3981,19604,4,178,2
68,"Tavernier","BOU",3,60,"2.5",11414,15300,11,180,2
69,"Scott","BOU",3,60,"1.7",19410,5437,14,176,2
70,"Kluivert","BOU",3,60,"1.2",3508,7435,6,154,2
71,"Cook","BOU",3,50,"0.2",2311,1110,6,143,2
72,"Gannon-Doak","BOU",3,50,"0.1",149,524,1,1,0
73,"Adams","BOU",3,50,"0.2",2043,1679,2,36,0
74,"Brooks","BOU",3,50,"0.1",413,301,1,9,0
75,"Christie","BOU",3,50,"0.0",367,170,1,3,0
76,"Tóth.A","BOU",3,50,"0.0",43,80,1,15,0
77,"Adli","BOU",3,49,"0.0",39,277,0,0,0
78,"Kroupi.Jr","BOU",3,74,"0.3",126,3778,0,0,0
79,"Evanilson","BOU",4,60,"3.2",27320,12545,9,154,2
80,"Enes Ünal","BOU",4,55,"0.0",0,234,0,0,0
81,"Rodríguez","BOU",4,60,"0.1",485,641,1,9,0
566,"Silva","BOU",2,50,"0.4",1548,1222,6,180,2
573,"Sanchez","BOU",2,45,"0.2",113,727,0,0,0
608,"Jebbison","BOU",4,50,"0.1",1533,612,1,15,0
615,"Di Gregorio","BOU",1,45,"0.0",522,142,0,0,0
82,"Kelleher","BRE",1,50,"6.8",31498,14180,9,180,2
83,"Valdimarsson","BRE",1,45,"0.1",281,407,0,0,0
84,"Collins","BRE",2,55,"2.1",8705,5468,9,180,2
85,"Van den Berg","BRE",2,50,"0.1",59,1048,0,0,0
86,"Lewis-Potter","BRE",3,55,"1.5",27249,6124,16,177,2
87,"Ajer","BRE",2,45,"4.4",33318,11394,11,180,2
88,"Kayode","BRE",2,46,"8.6",62823,19457,15,162,2
89,"Henry","BRE",2,45,"0.2",193,608,1,2,0
90,"Hickey","BRE",2,45,"0.1",249,288,2,16,0
92,"Ji-soo","BRE",2,45,"0.0",54,87,0,0,0
93,"Schuster","BRE",2,45,"0.2",50,399,0,0,0
94,"Schade","BRE",3,60,"3.6",23166,12746,13,177,2
95,"O.Dango","BRE",3,65,"1.0",1530,8660,4,95,1
96,"Damsgaard","BRE",3,55,"0.5",1030,2286,4,82,1
97,"Jensen","BRE",3,55,"0.2",504,1788,6,66,1
98,"Janelt","BRE",3,50,"0.6",12000,4179,10,180,2
99,"Milambo","BRE",3,50,"0.0",14,14,0,0,0
100,"Carvalho","BRE",3,50,"0.0",186,123,0,0,0
102,"Yarmoliuk","BRE",3,50,"1.1",335,5823,2,44,0
103,"Dasilva","BRE",3,50,"0.0",56,172,0,0,0
105,"Anthony","BRE",3,60,"0.2",585,1101,3,83,1
106,"Thiago","BRE",4,80,"15.4",18087,102419,2,172,2
107,"Furo","BRE",4,45,"1.0",7508,3893,0,0,0
108,"Wilson","BRE",4,55,"0.4",1772,2268,2,9,0
565,"M.Sangaré","BRE",3,56,"10.4",123216,34150,18,165,2
620,"Diouf","BRE",2,45,"0.1",4759,1169,0,0,0
109,"Verbruggen","BHA",1,45,"21.5",68063,37262,6,180,2
111,"Steele","BHA",1,40,"4.1",12652,7318,0,0,0
113,"F.Kadıoğlu","BHA",2,44,"2.2",4393,9661,0,90,1
114,"Boscagli","BHA",2,45,"0.3",2308,1215,5,180,2
115,"De Cuyper","BHA",2,46,"11.7",256072,26176,17,167,2
116,"Dunk","BHA",2,45,"1.2",6875,3885,5,180,2
117,"Coppola","BHA",2,45,"0.0",84,84,0,0,0
118,"Igor","BHA",2,45,"0.1",207,315,0,0,0
119,"Costinha","BHA",2,45,"0.0",111,153,1,36,0
120,"Svoboda","BHA",2,50,"0.1",276,307,0,0,0
121,"Mitoma","BHA",3,60,"0.0",58,425,0,0,0
122,"Minteh","BHA",3,59,"0.1",37,832,0,0,0
123,"Hinshelwood","BHA",3,60,"1.8",3966,43684,16,63,1
124,"Groß","BHA",3,55,"13.0",67555,29902,15,180,2
125,"Georginio","BHA",4,55,"0.9",2413,9167,5,90,1
126,"O'Riley","BHA",3,55,"0.1",366,658,0,0,0
127,"Gomez","BHA",3,50,"4.0",33624,12759,11,175,2
128,"Buonanotte","BHA",3,50,"0.0",0,41,0,0,0
129,"Ayari","BHA",3,55,"0.6",1254,5637,2,63,1
130,"Wieffer","BHA",2,50,"0.5",5417,2428,7,156,2
132,"Howell","BHA",3,45,"0.0",0,427,0,0,0
133,"Watson","BHA",3,50,"0.0",0,16,0,0,0
134,"Oriola","BHA",3,45,"0.3",1115,1145,0,0,0
135,"Yohanna","BHA",3,50,"0.1",162,506,1,12,0
137,"Tzimas","BHA",4,55,"0.0",21,74,0,0,0
138,"Kostoulas","BHA",4,55,"0.3",4729,1195,6,105,1
139,"Ferguson","BHA",4,50,"0.0",230,296,0,0,0
328,"Struijk","BHA",2,50,"0.2",521,1134,0,0,0
504,"Vuskovic","BHA",2,50,"2.5",8451,9252,6,180,2
594,"David","BHA",4,60,"0.3",1337,1820,1,10,0
600,"Osman","BHA",3,50,"0.0",102,76,2,28,0
605,"Yalcouyé","BHA",3,45,"0.5",37119,4040,9,77,1
614,"Hadjam","BHA",2,45,"0.0",917,168,0,0,0
624,"Cozier-Duberry","BHA",3,50,"0.0",19,4,0,0,0
28,"Martinez","CHE",1,50,"4.3",21852,12637,2,90,1
40,"Rogers","CHE",3,75,"25.9",88542,82248,13,171,2
101,"Henderson","CHE",3,50,"0.0",100,305,0,0,0
136,"Welbeck","CHE",4,59,"0.9",3341,8902,0,0,0
140,"Sánchez","CHE",1,50,"1.9",1286,25303,2,90,1
141,"Jörgensen","CHE",1,50,"0.0",0,113,0,0,0
142,"James","CHE",2,55,"9.4",13765,63191,1,112,1
143,"Chalobah","CHE",2,55,"0.1",0,1694,0,0,0
144,"Gusto","CHE",2,50,"1.2",4481,6341,2,165,2
145,"Fofana","CHE",2,50,"0.1",1102,385,0,67,1
146,"B.Badiashile","CHE",2,45,"0.0",0,345,0,0,0
147,"Tosin","CHE",2,45,"0.2",96,806,0,0,0
148,"Hato","CHE",2,45,"0.5",8104,2723,5,154,2
149,"Colwill","CHE",2,50,"1.4",3650,9951,1,161,2
150,"M.Sarr","CHE",2,45,"0.1",24,1618,0,0,0
151,"Acheampong","CHE",2,45,"0.4",2522,2396,4,112,1
152,"Palestra","CHE",2,54,"1.8",336,28459,0,0,0
154,"Palmer","CHE",3,96,"17.7",147385,48649,20,172,2
155,"Enzo","CHE",3,69,"3.8",2973,52398,1,25,0
156,"Neto","CHE",3,65,"1.2",8064,6663,8,81,1
157,"Estêvão","CHE",3,64,"1.0",1643,13153,1,7,0
158,"Gittens","CHE",3,59,"0.0",111,377,0,0,0
159,"Caicedo","CHE",3,54,"2.5",1732,35320,1,13,0
161,"Lavia","CHE",3,50,"0.1",3701,706,8,131,2
163,"D.Essugo","CHE",3,45,"0.2",718,1026,0,0,0
164,"Quenda","CHE",3,54,"0.0",95,462,1,8,0
165,"João Pedro","CHE",4,76,"69.3",143235,34835,20,180,2
168,"Marc Guiu","CHE",4,50,"0.4",1167,2771,0,0,0
169,"Mheuka","CHE",4,45,"0.4",2314,1842,0,0,0
170,"Emegha","CHE",4,50,"0.1",777,1234,0,0,0
200,"Lacroix","CHE",2,60,"9.2",18141,40967,7,180,2
560,"Penders","CHE",1,45,"0.1",150,440,0,0,0
561,"Anselmino","CHE",2,45,"0.0",76,93,0,0,0
568,"Barco","CHE",3,55,"0.1",496,624,1,8,0
578,"Mudryk","CHE",3,55,"0.0",81,456,0,0,0
583,"Chavarria","CHE",2,50,"0.2",281,1294,2,43,0
91,"Pinnock","COV",2,45,"0.1",234,395,1,12,0
104,"Onyeka","COV",3,50,"0.2",150,1091,2,90,1
110,"Rushworth","COV",1,45,"1.2",894,5185,3,180,2
171,"Dovin","COV",1,40,"1.5",2498,2872,0,0,0
172,"Wilson","COV",1,45,"0.4",68,1363,0,0,0
173,"Thomas","COV",2,40,"8.1",32495,15586,11,167,2
174,"Kitching","COV",2,40,"0.6",205,1874,0,0,0
175,"van Ewijk","COV",2,40,"12.6",13712,39037,3,180,2
176,"Dasilva","COV",2,40,"0.8",709,1770,3,180,2
177,"Kesler-Hayden","COV",2,40,"0.1",34,519,0,0,0
178,"Bidwell","COV",2,40,"0.1",125,339,0,0,0
179,"Latibeaudiere","COV",2,40,"0.0",85,143,0,0,0
180,"Woolfenden","COV",2,40,"0.2",191,1323,0,0,0
181,"Brau","COV",2,40,"0.0",19,413,0,0,0
182,"Amenda","COV",2,40,"0.8",649,2441,2,180,2
183,"Rudoni","COV",3,50,"0.1",284,767,4,90,1
184,"Grimes","COV",3,50,"0.2",204,1081,4,180,2
185,"Sakamoto","COV",3,50,"0.1",54,518,1,31,0
186,"Mason-Clark","COV",3,55,"0.1",89,623,1,57,1
187,"Eccles","COV",3,49,"0.0",69,115,0,0,0
188,"Torp","COV",3,55,"0.2",26,959,2,47,0
189,"Shepherd","COV",3,45,"0.3",539,1224,0,0,0
190,"Tchaouna","COV",3,55,"0.2",54,875,3,139,2
191,"Borges Rodrigues","COV",3,45,"0.2",587,802,0,0,0
192,"Andrews","COV",3,45,"0.5",142,7483,0,0,0
193,"Wright","COV",4,54,"0.1",35,1476,0,0,0
194,"Thomas-Asante","COV",4,50,"0.8",7299,5733,3,101,1
195,"Simms","COV",4,50,"1.0",4447,7186,2,69,1
196,"Markelo","COV",4,50,"0.0",0,130,0,0,0
197,"Bassette","COV",4,45,"0.0",0,268,0,0,0
492,"Awoniyi","COV",4,55,"0.8",1596,5207,3,110,1
575,"Yirenkyi","COV",3,50,"0.2",311,1312,4,131,2
584,"Hamer","COV",3,55,"0.1",80,715,2,27,0
599,"Cherif","COV",4,50,"0.1",819,734,0,0,0
623,"Bentley","COV",1,40,"0.1",4075,386,0,0,0
42,"Guessand","CRY",3,55,"0.0",192,382,2,54,0
153,"Disasi","CRY",2,45,"0.1",482,326,1,16,0
198,"Henderson","CRY",1,50,"1.8",4375,6150,3,180,2
199,"Benitez","CRY",1,45,"0.1",210,412,0,0,0
201,"Muñoz","CRY",2,54,"7.4",6470,77424,0,54,1
202,"Richards","CRY",2,50,"0.7",1543,3853,3,180,2
203,"Canvot","CRY",2,50,"0.3",443,1828,1,180,2
204,"Mitchell","CRY",2,45,"5.2",2942,24965,1,180,2
205,"Sosa","CRY",2,45,"0.0",46,153,0,0,0
206,"Chadi Riad","CRY",2,44,"0.0",80,727,1,72,1
207,"Mingueza","CRY",2,45,"0.1",95,387,1,15,0
208,"Sarr","CRY",3,64,"1.8",116,47379,0,0,0
210,"Wharton","CRY",3,55,"0.9",3830,4516,6,180,2
211,"Yeremy","CRY",3,55,"0.2",1785,746,6,102,1
212,"Hughes","CRY",3,45,"10.3",12708,44074,0,0,0
213,"Lerma","CRY",3,50,"0.1",74,602,0,0,0
214,"Kamada","CRY",3,50,"0.3",1537,1432,5,180,2
215,"Devenny","CRY",3,50,"0.0",34,76,0,0,0
216,"Esse","CRY",3,50,"0.0",77,277,0,0,0
217,"M.França","CRY",3,49,"0.0",640,449,0,0,0
218,"Doucouré","CRY",3,50,"0.1",123,486,0,0,0
219,"J.Rak-Sakyi","CRY",3,50,"0.0",15,34,0,0,0
220,"Cardines","CRY",2,45,"0.0",0,20,0,0,0
221,"Drakes-Thomas","CRY",3,45,"0.1",258,411,0,0,0
222,"Strand Larsen","CRY",4,60,"0.5",2520,2850,3,89,1
223,"Mateta","CRY",4,65,"3.9",862,118225,2,62,1
224,"Nketiah","CRY",4,55,"0.5",3491,2672,3,122,2
225,"Uche","CRY",4,50,"0.0",0,0,0,0,0
241,"McNeil","CRY",3,55,"0.2",166,805,3,84,1
555,"Matthews","CRY",1,40,"1.9",3276,2900,0,0,0
577,"Tomiyasu","CRY",2,45,"0.3",451,1002,2,91,1
588,"Khalaili","CRY",2,50,"0.1",832,362,3,109,1
595,"Gozo","CRY",3,50,"0.0",57,72,1,22,0
21,"Nørgaard","EVE",3,50,"0.1",45,791,0,0,0
209,"Johnson","EVE",3,60,"0.1",241,1138,2,34,0
226,"Pickford","EVE",1,55,"9.0",23952,21615,10,180,2
227,"Travers","EVE",1,50,"0.0",96,171,0,0,0
228,"King","EVE",1,45,"0.0",93,160,0,0,0
229,"Tarkowski","EVE",2,60,"9.6",80987,21923,18,180,2
230,"Branthwaite","EVE",2,55,"1.8",6585,5871,10,180,2
231,"Keane","EVE",2,49,"1.2",701,11845,0,0,0
232,"O'Brien","EVE",2,49,"0.4",327,2875,0,0,0
233,"Mykolenko","EVE",2,45,"1.7",14393,6134,10,180,2
234,"Patterson","EVE",2,45,"0.0",84,152,0,0,0
235,"Aznou","EVE",2,40,"0.2",416,681,0,0,0
236,"Dewsbury-Hall","EVE",3,65,"4.6",20612,28922,13,180,2
237,"Ndiaye","EVE",3,60,"15.3",33362,77546,13,180,2
239,"Garner","EVE",3,60,"0.1",809,1115,2,72,1
240,"Iroegbunam","EVE",3,50,"0.0",38,69,1,4,0
242,"George","EVE",3,55,"0.3",631,1426,5,144,2
243,"Alcaraz","EVE",3,50,"0.1",298,627,1,5,0
244,"Armstrong","EVE",3,50,"0.3",8239,2595,10,176,2
245,"Dibling","EVE",3,54,"0.0",69,280,0,0,0
246,"Röhl","EVE",3,50,"0.1",194,327,5,175,2
247,"Hackney","EVE",3,55,"0.2",173,1461,4,106,1
248,"Beto","EVE",4,54,"2.1",2832,17768,2,31,0
249,"Barry","EVE",4,55,"3.9",54771,25875,10,147,2
250,"Leno","FUL",1,45,"3.0",8557,6749,5,180,2
251,"Lecomte","FUL",1,40,"1.2",1514,1792,0,0,0
252,"McNally","FUL",1,40,"0.2",969,324,0,0,0
253,"Andersen","FUL",2,50,"0.1",1774,644,1,90,1
254,"Robinson","FUL",2,45,"1.6",3825,4833,3,171,2
255,"J.Cuenca","FUL",2,45,"0.0",212,209,3,90,1
256,"Tete","FUL",2,45,"0.3",151,848,0,0,0
257,"Bassey","FUL",2,45,"0.8",2082,2279,2,180,2
258,"Castagne","FUL",2,45,"0.6",9651,1951,12,157,2
261,"Iwobi","FUL",3,55,"0.9",2024,5215,4,180,2
262,"Smith Rowe","FUL",3,55,"0.4",511,2075,1,14,0
263,"Kevin","FUL",3,55,"0.1",137,460,2,24,0
264,"Bobb","FUL",3,55,"0.3",1404,1893,5,133,2
265,"Berge","FUL",3,50,"0.4",624,1576,4,154,2
266,"Cairney","FUL",3,50,"0.0",4,31,0,0,0
268,"King","FUL",3,55,"0.6",7297,3708,9,180,2
269,"Sessegnon","FUL",2,45,"0.4",279,1378,2,39,0
270,"Reed","FUL",3,45,"1.4",2811,6205,0,0,0
271,"Muniz","FUL",4,55,"0.5",1322,3561,1,8,0
272,"Kusi-Asare","FUL",4,45,"6.8",18223,21635,0,0,0
569,"Gonzalo","FUL",4,60,"4.4",57507,23472,8,180,2
570,"Palacios","FUL",3,55,"0.2",309,1016,3,147,2
580,"Charles","FUL",3,50,"0.1",116,372,2,45,0
610,"De Fougerolles","FUL",2,40,"0.1",933,627,0,0,0
626,"Zepa","FUL",3,45,"0.0",1892,285,0,0,0
273,"Phillips","HUL",1,40,"1.5",2400,3059,0,0,0
274,"Butland","HUL",1,45,"0.1",47,589,0,0,0
275,"Cartwright","HUL",1,40,"0.0",0,35,0,0,0
276,"Lo-Tutala","HUL",1,40,"0.0",0,111,0,0,0
277,"Egan","HUL",2,40,"2.9",83627,7973,17,180,2
278,"Hughes","HUL",2,40,"0.1",37,656,0,0,0
279,"Ajayi","HUL",2,40,"4.7",203467,11202,20,153,2
280,"Coyle","HUL",2,40,"0.6",724,2857,6,114,2
281,"Drameh","HUL",2,40,"0.1",341,292,2,65,0
282,"Giles","HUL",2,40,"1.0",6107,1773,12,174,2
283,"Jacob","HUL",2,40,"0.0",31,64,0,0,0
284,"McCarthy","HUL",2,40,"0.1",364,441,0,0,0
285,"McNair","HUL",2,40,"0.1",253,513,1,26,0
286,"Belloumi","HUL",3,50,"0.7",9107,2529,9,172,2
287,"Millar","HUL",3,50,"0.1",1537,371,6,50,0
288,"Dowell","HUL",3,45,"0.4",1782,1991,0,0,0
289,"Crooks","HUL",3,45,"0.7",1927,5294,2,90,1
290,"Slater","HUL",3,45,"4.3",49655,17481,8,180,2
291,"Matazo","HUL",3,45,"0.0",33,44,0,0,0
292,"Ömür","HUL",3,50,"0.0",84,168,0,0,0
293,"Kamara","HUL",3,50,"0.0",0,41,0,0,0
294,"Zambrano","HUL",3,45,"0.1",375,808,0,0,0
295,"McBurnie","HUL",4,55,"2.1",13540,15557,6,180,2
296,"Akintola","HUL",3,50,"0.0",491,525,0,0,0
297,"Gyabi","HUL",3,45,"0.0",51,185,0,0,0
298,"Destan","HUL",4,45,"0.3",0,2513,0,0,0
299,"Burstow","HUL",4,45,"0.0",0,376,0,0,0
340,"Gelhardt","HUL",3,50,"0.0",18,88,0,0,0
556,"Targett","HUL",2,40,"2.2",2996,8187,1,5,0
563,"Morita","HUL",3,50,"0.0",128,95,1,45,1
572,"Tzolakis","HUL",1,45,"4.9",114303,10514,20,180,2
574,"Hjertø-Dahl","HUL",3,50,"0.1",124,489,0,0,0
576,"Stroud","HUL",3,50,"0.1",302,496,3,128,2
585,"Herrington","HUL",2,40,"0.6",1090,1521,2,57,0
586,"Mendy","HUL",2,40,"5.0",67330,20673,16,121,2
589,"Gourna-Douath","HUL",3,50,"0.0",79,112,1,45,0
617,"Cho","HUL",3,50,"0.0",249,57,1,7,0
259,"Diop","IPS",2,40,"16.5",12687,34856,4,180,2
267,"Lukić","IPS",3,50,"0.1",274,506,6,162,2
300,"Walton","IPS",1,45,"0.5",126,1261,0,0,0
301,"Palmer","IPS",1,40,"4.4",7302,8543,0,0,0
302,"Button","IPS",1,40,"0.5",1909,956,0,0,0
303,"Kipré","IPS",2,40,"0.6",161,1489,0,0,0
304,"O'Shea","IPS",2,40,"3.4",7760,8796,4,180,2
305,"Davis","IPS",2,40,"4.9",14235,10475,8,180,2
306,"Greaves","IPS",2,40,"1.4",786,2724,1,180,2
307,"Johnson","IPS",2,40,"0.1",209,378,0,0,0
308,"Furlong","IPS",2,40,"0.6",147,1284,1,17,0
309,"Núñez","IPS",3,50,"0.1",435,583,6,140,2
310,"Matusiwa","IPS",3,50,"0.0",4,26,0,0,0
311,"Burns","IPS",3,50,"0.0",0,32,0,0,0
312,"Taylor","IPS",3,45,"0.0",69,292,0,0,0
313,"Clarke","IPS",3,55,"0.3",639,1746,7,19,0
314,"Ogbene","IPS",3,50,"0.0",25,88,0,0,0
315,"Fatawu","IPS",3,55,"0.2",619,932,6,147,2
316,"Emersonn","IPS",4,55,"2.0",12287,13722,10,110,2
317,"Hirst","IPS",4,50,"0.1",0,1625,0,0,0
318,"Philogene","IPS",3,55,"0.1",6,1392,0,0,0
319,"Szmodics","IPS",3,50,"0.0",0,87,0,0,0
320,"Akpom","IPS",4,50,"0.6",8733,3153,6,69,0
321,"Walle Egeli","IPS",4,45,"2.8",36735,14506,1,10,0
322,"Al-Hamadi","IPS",4,50,"0.1",0,1765,0,0,0
323,"McAteer","IPS",3,45,"1.3",3394,4930,2,31,0
324,"Mehmeti","IPS",3,50,"0.0",18,229,0,0,0
554,"Van Oevelen","IPS",1,45,"0.0",0,321,0,0,0
562,"Maeda","IPS",3,55,"0.4",317,1553,4,151,2
564,"Scherpen","IPS",1,45,"0.6",807,1602,4,180,2
571,"Florentino","IPS",3,50,"0.1",51,740,0,0,0
591,"Enciso","IPS",3,55,"0.5",7764,2464,10,160,2
592,"Ouattara","IPS",2,40,"1.0",1231,2011,2,27,0
602,"Humphreys","IPS",3,45,"0.0",802,299,0,0,0
619,"Palacios","IPS",3,50,"0.0",643,107,1,28,0
260,"Wilson","LEE",3,65,"5.1",2582,47604,4,110,1
326,"Perri","LEE",1,45,"0.5",125,1593,0,0,0
327,"Bijol","LEE",2,50,"1.0",7274,5527,11,135,2
329,"Rodon","LEE",2,45,"3.4",4543,20132,7,123,2
330,"Bogle","LEE",2,45,"0.5",1587,1442,8,157,2
331,"Gudmundsson","LEE",2,45,"0.0",124,139,0,0,0
332,"Justin","LEE",2,45,"1.4",13053,6093,12,180,2
333,"Bornauw","LEE",2,45,"0.0",0,23,0,0,0
334,"Muharemović","LEE",2,50,"3.3",9836,10122,10,180,2
335,"Stach","LEE",3,60,"2.8",18288,14636,17,180,2
336,"Okafor","LEE",3,59,"0.4",702,3592,3,92,1
337,"Aaronson","LEE",3,55,"0.8",781,4870,4,126,2
338,"Ampadu","LEE",3,55,"1.3",1240,5559,7,180,2
339,"Longstaff","LEE",3,50,"0.1",234,836,1,8,0
341,"Gnonto","LEE",3,50,"0.0",82,107,0,0,0
342,"Harrison","LEE",3,50,"0.0",0,7,0,0,0
343,"James","LEE",3,50,"0.1",626,709,1,22,0
344,"Gruev","LEE",3,50,"0.0",5,29,0,0,0
345,"Tanaka","LEE",3,50,"0.2",449,1422,1,45,0
346,"Calvert-Lewin","LEE",4,60,"27.4",53524,111373,9,180,2
347,"Nmecha","LEE",4,55,"0.5",1426,2889,4,21,0
348,"Piroe","LEE",4,50,"0.1",0,1229,0,0,0
349,"Mateo Joseph","LEE",4,45,"0.1",287,406,0,0,0
385,"Trafford","LEE",1,50,"4.9",26727,12524,12,180,2
598,"Elvedi","LEE",2,45,"0.0",158,128,1,56,0
603,"Lienou","LEE",2,40,"0.1",765,377,0,0,0
604,"Cresswell","LEE",3,45,"0.1",2015,660,0,0,0
625,"Cairns","LEE",1,40,"0.0",1234,73,0,0,0
350,"A.Becker","LIV",1,55,"3.8",11939,18347,2,180,2
351,"Mamardashvili","LIV",1,50,"0.1",311,1163,0,0,0
352,"Woodman","LIV",1,40,"1.1",3131,2480,0,0,0
353,"Pecsi","LIV",1,40,"0.0",0,103,0,0,0
354,"Jaros","LIV",1,40,"0.0",113,74,0,0,0
355,"Davies","LIV",1,40,"0.1",443,321,0,0,0
356,"Virgil","LIV",2,65,"18.8",21002,90406,3,180,2
357,"Frimpong","LIV",2,55,"3.3",8028,24968,1,160,2
358,"Kerkez","LIV",2,55,"3.3",4121,22565,1,160,2
359,"Gomez","LIV",2,50,"0.0",33,143,0,0,0
360,"Bradley","LIV",2,50,"0.0",41,69,0,0,0
361,"Lucky","LIV",2,40,"0.1",429,500,0,0,0
362,"Jacquet","LIV",2,50,"2.5",17998,11527,4,145,2
363,"Leoni","LIV",2,40,"0.0",126,225,0,0,0
364,"Tsimikas","LIV",2,50,"0.1",141,356,1,19,0
365,"Ramsay","LIV",2,40,"0.2",0,2483,0,0,0
366,"Wirtz","LIV",3,75,"10.7",14836,64895,6,152,2
367,"Gakpo","LIV",3,70,"7.2",59346,37523,17,160,2
368,"Szoboszlai","LIV",3,70,"42.4",65618,120613,12,180,2
369,"Ngumoha","LIV",3,60,"1.0",1284,12125,3,81,1
370,"Chiesa","LIV",3,54,"0.1",20,2223,0,0,0
371,"Gravenberch","LIV",3,60,"1.8",3456,16378,6,96,1
372,"Mac Allister","LIV",3,55,"1.5",3661,9562,3,103,1
373,"C.Jones","LIV",3,55,"0.0",1,419,0,0,0
374,"Endo","LIV",3,50,"0.1",261,534,0,0,0
375,"Nyoni","LIV",3,50,"0.0",159,270,1,13,0
376,"Bajcetic","LIV",3,50,"0.0",3,14,0,0,0
377,"Munoz","LIV",3,65,"0.9",26508,5307,10,117,1
378,"McConnell","LIV",3,45,"0.2",470,1143,0,0,0
379,"Isak","LIV",4,90,"16.2",40153,67435,10,180,2
380,"Ekitiké","LIV",4,75,"0.1",258,1498,0,0,0
381,"Koumas","LIV",3,50,"0.0",66,138,1,12,0
382,"Danns","LIV",4,45,"0.0",257,244,0,0,0
383,"Elliott","LIV",3,55,"0.1",248,669,0,0,0
579,"Araujo","LIV",2,55,"2.5",5116,32351,1,33,0
238,"Grealish","MCI",3,65,"0.2",495,1921,1,8,0
384,"Donnarumma","MCI",1,55,"8.1",17163,45178,3,180,2
386,"Bettinelli","MCI",1,45,"0.0",46,129,0,0,0
387,"O'Reilly","MCI",2,65,"20.0",25956,97515,4,150,2
388,"Guéhi","MCI",2,60,"19.4",47955,59283,12,180,2
389,"Matheus N.","MCI",2,60,"1.2",69,15888,1,33,0
390,"Rúben","MCI",2,55,"1.8",5518,7950,4,180,2
391,"Gvardiol","MCI",2,56,"16.2",205926,25613,14,164,2
392,"Aït-Nouri","MCI",2,54,"0.7",802,10491,0,0,0
393,"Khusanov","MCI",2,55,"1.7",3075,8099,4,178,2
394,"Alleyne","MCI",2,50,"0.0",0,57,0,0,0
395,"Lewis","MCI",2,45,"0.2",687,2226,1,56,1
396,"Vitor Reis","MCI",2,45,"0.0",44,98,1,1,0
397,"Semenyo","MCI",3,85,"22.3",19926,149868,7,180,2
398,"Foden","MCI",3,70,"4.4",48821,18278,10,171,2
399,"Cherki","MCI",3,76,"18.7",663555,16421,22,108,1
400,"Doku","MCI",3,74,"1.1",189,14482,0,0,0
402,"Rodrigo","MCI",3,65,"0.0",0,145,0,0,0
404,"Reijnders","MCI",3,60,"0.1",0,806,0,0,0
406,"Kovačić","MCI",3,55,"0.1",259,748,2,42,0
407,"Echeverri","MCI",3,50,"0.0",51,161,0,0,0
408,"Phillips","MCI",3,50,"0.0",0,69,0,0,0
409,"Mukasa","MCI",3,45,"0.2",305,1217,0,0,0
410,"Monga","MCI",3,50,"0.0",38,129,0,0,0
411,"Haaland","MCI",4,155,"69.4",134031,11624,15,180,2
481,"Anderson","MCI",3,64,"5.6",8984,44689,5,143,2
587,"Rulli","MCI",1,50,"0.0",40,118,0,0,0
616,"Bouaddi","MCI",3,55,"0.1",4450,1012,1,8,0
621,"McAidoo","MCI",3,45,"0.0",2906,644,1,8,0
622,"Braithwaite","MCI",2,40,"0.0",2862,505,1,1,0
43,"Tielemans","MUN",3,60,"2.2",4249,16252,6,156,2
131,"Baleba","MUN",3,50,"0.2",784,2129,0,0,0
162,"Andrey Santos","MUN",3,50,"0.9",3015,8230,3,76,1
325,"Darlow","MUN",1,45,"0.0",126,167,0,0,0
412,"Lammens","MUN",1,50,"14.9",11038,55681,3,180,2
413,"Bayindir","MUN",1,45,"0.0",0,127,0,0,0
414,"Heaton","MUN",1,40,"0.1",130,370,0,0,0
415,"Dorgu","MUN",3,59,"1.0",1488,12260,1,55,1
416,"De Ligt","MUN",2,50,"0.0",43,199,0,0,0
417,"Dalot","MUN",2,50,"2.4",2941,11024,3,83,1
418,"Maguire","MUN",2,50,"16.1",15366,76410,5,180,2
419,"Martinez","MUN",2,50,"1.3",2676,5444,1,90,1
420,"Yoro","MUN",2,50,"0.6",490,3743,1,16,0
421,"Heaven","MUN",2,45,"0.4",636,2632,1,90,1
422,"Mazraoui","MUN",2,45,"0.7",1343,3966,2,96,1
423,"Shaw","MUN",2,45,"18.4",10581,86001,3,162,2
424,"Amass","MUN",2,40,"0.2",451,769,0,0,0
425,"Fredricson","MUN",2,40,"0.0",0,142,0,0,0
426,"B.Fernandes","MUN",3,120,"47.4",117568,156936,25,180,2
427,"Mbeumo","MUN",3,80,"32.6",23292,263613,13,180,2
428,"Cunha","MUN",3,80,"8.8",7788,53621,11,158,2
429,"Rashford","MUN",3,70,"1.6",5910,12674,3,124,1
430,"Mount","MUN",3,55,"0.0",20,193,0,0,0
431,"Amad","MUN",3,59,"0.8",106,17182,0,0,0
432,"Mainoo","MUN",3,55,"1.0",4175,4672,5,102,1
433,"Ugarte","MUN",3,50,"0.0",11,29,0,0,0
434,"J.Fletcher","MUN",3,50,"0.0",27,61,0,0,0
435,"Lacey","MUN",3,50,"0.1",149,371,1,10,0
436,"Collyer","MUN",3,50,"0.0",52,78,0,0,0
437,"Bendito Mantato","MUN",3,45,"0.2",583,945,0,0,0
438,"Fletcher","MUN",3,45,"0.3",703,1496,0,0,0
439,"Šeško","MUN",4,70,"1.8",6777,16463,2,33,0
440,"Zirkzee","MUN",4,54,"0.5",1996,4349,0,0,0
441,"Obi","MUN",4,45,"1.1",6012,4882,0,0,0
405,"N.Gonzalez","NEW",3,55,"0.2",3463,935,2,70,1
442,"Pope","NEW",1,50,"1.2",1700,6704,0,0,0
443,"Gillespie","NEW",1,45,"0.0",77,133,0,0,0
444,"Jaouen","NEW",1,45,"0.0",66,183,0,0,0
445,"Thiaw","NEW",2,50,"1.9",17096,8024,9,180,2
446,"Schär","NEW",2,50,"0.3",659,1807,1,1,0
447,"Botman","NEW",2,50,"0.6",5327,1833,8,180,2
448,"Burn","NEW",2,49,"1.4",300,20802,0,0,0
449,"Hall","NEW",2,50,"5.9",147873,13849,14,180,2
450,"Livramento","NEW",2,50,"0.0",24,343,0,0,0
451,"A.Murphy","NEW",2,40,"0.1",0,869,0,0,0
453,"Barnes","NEW",3,60,"1.1",5650,7168,5,180,2
454,"Elanga","NEW",3,61,"5.2",263428,17192,17,156,2
456,"J.Ramsey","NEW",3,50,"0.3",640,2203,1,42,0
457,"J.Murphy","NEW",3,60,"0.1",285,1291,1,22,0
458,"Joelinton","NEW",3,55,"0.0",26,263,0,0,0
459,"L.Miley","NEW",3,55,"0.1",671,469,6,165,2
460,"Willock","NEW",3,50,"0.3",7041,1930,9,104,1
461,"Touré","NEW",3,59,"0.2",314,2578,1,1,0
462,"Steur","NEW",3,50,"0.1",230,930,2,74,1
463,"Woltemade","NEW",4,60,"1.5",3660,10266,4,19,0
464,"Wissa","NEW",4,61,"6.9",295967,20788,12,171,2
465,"Osula","NEW",4,60,"0.7",221,17487,4,55,1
466,"Neave","NEW",4,45,"0.8",5406,3692,0,0,0
559,"Bamba","NEW",3,50,"0.1",331,971,1,14,0
567,"Horníček","NEW",1,50,"0.9",17129,3799,8,180,2
593,"Dedić","NEW",2,45,"1.1",67446,5891,12,180,2
609,"Shahar","NEW",2,40,"0.2",3781,960,0,0,0
167,"Delap","NFO",4,55,"0.6",11805,3680,1,24,0
467,"Sels","NFO",1,50,"1.5",2682,4752,3,180,2
468,"John","NFO",1,45,"0.1",81,199,0,0,0
469,"N.Williams","NFO",2,50,"8.7",17192,23589,8,180,2
470,"Morato","NFO",2,50,"0.0",89,292,0,0,0
471,"Milenković","NFO",2,55,"1.7",1940,4830,5,180,2
472,"Murillo","NFO",2,55,"1.6",3428,5701,5,180,2
473,"Aina","NFO",2,45,"3.4",7959,14948,5,158,2
474,"Jair Cunha","NFO",2,45,"0.2",322,579,2,180,2
475,"Savona","NFO",2,45,"0.0",10,22,0,0,0
476,"O.Richards","NFO",2,40,"0.2",308,712,0,0,0
477,"Abbott","NFO",2,40,"0.2",566,855,0,0,0
478,"Netz","NFO",2,45,"0.0",65,140,2,20,0
479,"Bindon","NFO",2,40,"0.2",219,546,0,0,0
480,"Gibbs-White","NFO",3,79,"8.7",58300,39191,15,180,2
482,"Hudson-Odoi","NFO",3,59,"0.2",600,1646,1,1,0
483,"Ndoye","NFO",3,55,"0.6",12352,2994,12,126,2
484,"Hutchinson","NFO",3,55,"0.1",123,1066,0,0,0
485,"Bakwa","NFO",3,55,"0.0",0,244,0,0,0
486,"McAtee","NFO",3,55,"0.1",1336,431,5,163,2
487,"Dominguez","NFO",3,50,"0.1",136,351,1,1,0
488,"I.Sangaré","NFO",3,50,"0.8",96,10656,2,90,1
489,"Yates","NFO",3,45,"1.5",7210,6647,0,0,0
490,"Wood","NFO",4,59,"1.4",2474,16094,1,28,0
491,"Igor Jesus","NFO",4,60,"3.4",6617,27735,3,180,2
493,"Kalimuendo","NFO",4,55,"0.0",142,451,1,1,0
558,"Schlager","NFO",3,50,"0.1",416,345,5,106,1
581,"Diomande","NFO",2,55,"0.7",1292,5795,0,0,0
590,"Benda","NFO",1,45,"0.1",339,290,0,0,0
112,"Van Hecke","TOT",2,50,"8.8",7052,69266,2,180,2
401,"Marmoush","TOT",4,70,"1.7",40279,12750,2,90,1
403,"Sávio","TOT",3,65,"0.9",10111,13088,0,0,0
455,"Tonali","TOT",3,55,"3.4",3367,33325,4,164,2
494,"Vicario","TOT",1,45,"0.2",0,2665,0,0,0
495,"Austin","TOT",1,40,"0.9",2611,1653,0,0,0
496,"Kinsky","TOT",1,45,"21.5",14835,83682,3,180,2
497,"Dubravka","TOT",1,40,"18.2",31350,35702,0,0,0
498,"Senesi","TOT",2,60,"6.8",2506,64868,3,90,1
499,"Pedro Porro","TOT",2,55,"12.9",20280,65920,1,90,1
500,"Romero","TOT",2,50,"0.1",0,1873,0,0,0
501,"Danso","TOT",2,50,"0.2",254,1154,0,0,0
502,"Robertson","TOT",2,45,"3.6",5462,18569,5,157,2
503,"Van de Ven","TOT",2,50,"4.1",6782,24998,0,90,1
505,"Spence","TOT",2,45,"0.4",0,7089,0,0,0
506,"Udogie","TOT",2,45,"0.5",452,2260,2,26,0
507,"Phillips","TOT",2,45,"0.0",0,139,0,0,0
508,"Davies","TOT",2,40,"1.0",1221,3947,0,0,0
509,"Byfield","TOT",2,40,"0.1",161,211,0,0,0
510,"Rowswell","TOT",2,40,"0.1",188,332,0,0,0
511,"Souza","TOT",2,40,"0.3",764,1123,0,0,0
512,"Kudus","TOT",3,65,"0.1",1072,685,1,22,0
513,"Xavi","TOT",3,60,"0.0",33,168,0,0,0
514,"Tel","TOT",3,59,"0.4",578,6711,4,157,2
515,"Maddison","TOT",3,64,"0.8",96,15624,1,22,0
516,"Bentancur","TOT",3,55,"0.2",314,803,3,135,1
517,"Odobert","TOT",3,55,"0.0",11,15,0,0,0
518,"P.M.Sarr","TOT",3,49,"0.2",2622,1403,0,0,0
519,"Gallagher","TOT",3,54,"0.3",321,2287,0,45,1
520,"Bergvall","TOT",3,55,"0.2",194,1163,1,45,1
521,"Kulusevski","TOT",3,65,"0.0",28,64,0,0,0
522,"Gray","TOT",3,50,"0.2",882,1406,4,152,2
523,"Moore","TOT",3,50,"0.2",516,1489,3,89,1
524,"Olusesi","TOT",3,45,"0.8",580,3535,0,0,0
525,"Fernandes","TOT",3,59,"1.5",1447,16140,3,135,1
526,"Solanke","TOT",4,60,"1.2",2433,12864,2,37,0
527,"Richarlison","TOT",4,59,"2.4",2784,41092,2,67,1
528,"Scarlett","TOT",4,45,"1.8",12458,8137,0,0,0
601,"Williams-Barnett","TOT",3,45,"0.1",1720,716,0,0,0
529,"Roefs","SUN",1,50,"3.7",2438,15437,7,180,2
530,"Patterson","SUN",1,40,"0.2",0,688,0,0,0
531,"Ellborg","SUN",1,45,"0.1",100,282,0,0,0
532,"Ballard","SUN",2,50,"4.7",4028,26786,8,180,2
533,"Mukiele","SUN",2,55,"2.4",6994,8077,9,90,1
534,"Hume","SUN",2,45,"6.0",5239,23742,8,169,2
535,"Alderete","SUN",2,50,"0.4",637,3009,1,23,0
536,"Reinildo","SUN",2,45,"0.4",521,1229,7,180,2
537,"Seelt","SUN",2,45,"0.0",3,150,0,0,0
538,"Hjelde","SUN",2,40,"0.0",0,305,0,0,0
539,"O'Nien","SUN",2,40,"3.3",1613,9737,1,66,1
540,"Masuaku","SUN",2,40,"0.2",0,1378,0,0,0
541,"Meunier","SUN",2,45,"0.3",878,648,7,180,2
542,"E.Le Fée","SUN",3,59,"7.6",2189,84329,5,168,2
543,"Diarra","SUN",3,55,"0.1",95,534,5,28,0
544,"Xhaka","SUN",3,55,"4.6",11769,14122,15,180,2
545,"Sadiki","SUN",3,50,"0.3",582,1459,5,180,2
546,"Adingra","SUN",3,49,"0.1",95,744,0,0,0
547,"Mundle","SUN",3,50,"0.0",23,44,1,1,0
548,"Rigg","SUN",3,50,"0.1",48,279,2,17,0
549,"Talbi","SUN",3,55,"0.2",84,1256,1,31,0
550,"Jocelin.T","SUN",3,50,"0.0",25,35,0,0,0
551,"Angulo","SUN",3,50,"0.1",1547,893,8,122,2
552,"Brobbey","SUN",4,60,"11.5",9819,111720,4,129,2
553,"Isidor","SUN",4,55,"0.9",6325,4199,9,49,0
612,"Methalie","SUN",2,45,"0.0",41,26,0,0,0
613,"Ahoka","SUN",3,45,"0.2",5557,1361,0,0,0
