snapshot_utc,element_id,web_name,team,progress_pct,proj_0,proj_1,proj_2,likelihood,hourly_rate,selected_by_percent,now_cost,transfers_in_event,transfers_out_event,total_points,minutes,form,status,cost_change_event,cost_change_start,locked_until,calibrating
"2026-09-18T05:53:32Z",1,"Raya","ARS","80.2","84.1","89.5","94.8",3,406,"41.0",60,225046,49185,29,360,"7.2","a",0,0,,"false"
"2026-09-18T05:53:32Z",2,"Arrizabalaga","ARS","-30.3","-33.2","-37.1","-41.1",-2,-2,"0.1",49,154,478,0,0,"0.0","a",0,-1,,"false"
"2026-09-18T05:53:32Z",3,"Meslier","ARS","-22.7","-22.7","-22.7","-22.7",-2,0,"0.0",49,67,183,0,0,"0.0","a",0,-1,,"false"
"2026-09-18T05:53:32Z",4,"Gabriel","ARS","-72.1","-72.6","-73.2","-73.8",-3,-105,"23.2",80,38286,89737,24,360,"6.0","a",0,0,,"false"
"2026-09-18T05:53:32Z",5,"J.Timber","ARS","5.5","6.2","7.2","8.2",1,75,"0.3",65,16171,2952,1,45,"0.2","a",0,0,,"false"
"2026-09-18T05:53:32Z",6,"Saliba","ARS","-14.4","-14.9","-15.6","-16.4",-1,-3,"0.2",59,365,1791,0,0,"0.0","i",0,-1,,"false"
"2026-09-18T05:53:32Z",7,"Lewis-Skelly","ARS","-79.7","-84.7","-91.6","-98.6",-3,-31,"0.6",55,2732,8954,9,271,"2.2","a",0,0,,"false"
"2026-09-18T05:53:32Z",8,"Calafiori","ARS","71.9","76.5","83.0","89.5",3,488,"50.2",58,215035,61191,28,326,"7.0","a",0,3,,"false"
"2026-09-18T05:53:32Z",9,"Hincapie","ARS","-74.6","-78.3","-83.5","-88.6",-3,-35,"0.9",53,2243,13404,2,32,"0.5","a",0,-2,,"false"
"2026-09-18T05:53:32Z",10,"White","ARS","7.6","-6.1","-24.9","-43.7",-1,-1459,"5.8",55,17892,188964,21,315,"5.2","d",0,0,,"false"
"2026-09-18T05:53:32Z",11,"Mosquera","ARS","-14.6","-20.4","-28.6","-36.7",-2,-335,"1.8",53,152,69943,12,168,"3.0","d",-1,-2,,"false"
"2026-09-18T05:53:32Z",12,"Saka","ARS","57.9","63.4","71.0","78.6",3,572,"12.8",95,157332,49302,30,336,"7.5","a",0,0,,"false"
"2026-09-18T05:53:32Z",13,"Rice","ARS","-20.4","-21.3","-22.6","-24.0",-2,-120,"12.5",74,23465,65781,19,321,"4.8","a",0,-1,,"false"
"2026-09-18T05:53:32Z",14,"Eze","ARS","-60.0","-62.5","-66.0","-69.4",-3,-27,"1.1",63,2592,14934,3,68,"0.8","a",0,-2,,"false"
"2026-09-18T05:53:32Z",15,"Ødegaard","ARS","0.6","2.8","5.8","8.9",1,622,"19.7",68,259241,98737,27,305,"6.8","a",1,3,,"false"
"2026-09-18T05:53:32Z",16,"Madueke","ARS","-4.4","-5.5","-7.1","-8.6",-1,-4,"0.2",62,987,3082,2,23,"0.5","a",-1,-3,,"false"
"2026-09-18T05:53:32Z",17,"Merino","ARS","-52.3","-55.7","-60.4","-65.0",-3,-14,"0.4",58,1178,5485,3,51,"0.8","a",0,-2,,"false"
"2026-09-18T05:53:32Z",18,"Martinelli","ARS","0.0","0.0","0.0","0.0",0,-5,"0.1",63,0,1312,0,0,"0.0","u",0,-2,,"false"
"2026-09-18T05:53:32Z",19,"Zubimendi","ARS","-23.1","-24.5","-26.4","-28.3",-2,-15,"0.6",53,1280,7621,4,59,"1.0","a",-1,-2,,"false"
"2026-09-18T05:53:32Z",20,"Dowman","ARS","-16.9","-22.9","-31.2","-39.5",-2,-4,"0.1",53,769,927,0,0,"0.0","a",0,-2,,"false"
"2026-09-18T05:53:32Z",22,"Nwaneri","ARS","0.0","0.0","0.0","0.0",0,0,"0.0",54,0,99,0,0,"0.0","u",0,-1,,"false"
"2026-09-18T05:53:32Z",23,"Fábio Vieira","ARS","0.0","0.0","0.0","0.0",0,0,"0.0",55,0,78,0,0,"0.0","u",0,0,,"false"
"2026-09-18T05:53:32Z",24,"Nelson","ARS","0.0","0.0","0.0","0.0",0,0,"0.0",55,0,54,0,0,"0.0","u",0,0,,"false"
"2026-09-18T05:53:32Z",25,"Gyökeres","ARS","-76.8","-81.7","-88.6","-95.4",-3,-161,"3.2",72,3881,45478,1,12,"0.2","a",0,-3,,"false"
"2026-09-18T05:53:32Z",26,"Havertz","ARS","2.5","5.0","8.5","12.0",1,713,"8.1",76,92999,80646,17,347,"4.2","a",1,1,,"false"
"2026-09-18T05:53:32Z",27,"G.Jesus","ARS","0.0","0.0","0.0","0.0",0,-8,"0.2",59,0,2031,0,0,"0.0","u",0,-1,,"false"
"2026-09-18T05:53:32Z",31,"Konsa","ARS","91.0","99.8","112.0","124.2",4,919,"18.5",45,261107,49523,11,191,"2.8","a",0,0,,"false"
"2026-09-18T05:53:32Z",452,"Bruno G.","ARS","3.5","3.8","4.2","4.6",1,32,"1.8",67,13627,7946,8,64,"2.0","a",-1,-3,,"false"
"2026-09-18T05:53:32Z",557,"Tzolis","ARS","-56.2","-62.6","-71.4","-80.3",-3,-895,"14.0",64,30191,214164,14,290,"3.5","a",0,-1,,"false"
"2026-09-18T05:53:32Z",29,"M.Bizot","AVL","-19.0","-22.0","-26.1","-30.3",-2,-7,"0.1",45,385,1103,1,90,"0.2","d",0,0,,"false"
"2026-09-18T05:53:32Z",30,"Digne","AVL","0.0","0.0","0.0","0.0",0,0,"0.1",45,0,373,0,0,"0.0","u",0,0,,"false"
"2026-09-18T05:53:32Z",32,"Cash","AVL","-6.1","-7.2","-8.7","-10.3",-1,-96,"5.1",44,2511,97099,7,251,"1.8","a",-1,-1,,"false"
"2026-09-18T05:53:32Z",33,"Mings","AVL","0.5","0.5","0.5","0.5",1,0,"0.4",45,2630,4034,7,171,"1.8","a",0,0,,"false"
"2026-09-18T05:53:32Z",34,"Pau","AVL","-71.8","-78.8","-88.7","-98.5",-3,-45,"0.3",45,223,6796,3,187,"0.8","d",0,0,,"false"
"2026-09-18T05:53:32Z",35,"Bogarde","AVL","-75.2","-76.0","-77.1","-78.1",-3,-1,"0.1",50,420,817,1,16,"0.2","a",0,0,,"false"
"2026-09-18T05:53:32Z",36,"Maatsen","AVL","-60.4","-77.8","-102.1","-126.4",-3,-204,"0.6",45,525,22369,9,335,"2.2","d",0,0,,"false"
"2026-09-18T05:53:32Z",37,"Lindelöf","AVL","0.9","1.0","1.0","1.1",1,3,"0.3",45,2620,2869,7,360,"1.8","a",0,0,,"false"
"2026-09-18T05:53:32Z",38,"A.García","AVL","-18.2","-19.1","-20.3","-21.5",-1,-14,"1.6",40,6207,11462,0,0,"0.0","a",0,0,,"false"
"2026-09-18T05:53:32Z",39,"Nedeljkovic","AVL","0.0","0.0","0.0","0.0",0,-6,"0.1",40,0,1015,0,0,"0.0","u",0,0,,"false"
"2026-09-18T05:53:32Z",41,"Buendía","AVL","-55.0","-60.2","-67.4","-74.6",-3,-48,"0.9",59,4492,16793,9,311,"2.2","a",0,-1,,"false"
"2026-09-18T05:53:32Z",44,"Bailey","AVL","0.0","0.0","0.0","0.0",0,-2,"0.1",54,0,1368,0,0,"0.0","u",0,-1,,"false"
"2026-09-18T05:53:32Z",45,"McGinn","AVL","-15.3","-15.0","-14.7","-14.4",-1,6,"2.2",54,14147,17862,11,351,"2.8","a",0,-1,,"false"
"2026-09-18T05:53:32Z",46,"Barkley","AVL","1.1","1.1","1.2","1.3",1,6,"0.3",50,1982,3094,9,302,"2.2","a",0,0,,"false"
"2026-09-18T05:53:32Z",47,"Kamara","AVL","-60.9","-63.1","-66.3","-69.4",-3,-7,"0.3",50,1649,3755,9,360,"2.2","a",0,0,,"false"
"2026-09-18T05:53:32Z",48,"Onana","AVL","-6.9","-6.9","-6.9","-6.9",-1,0,"0.0",49,52,179,0,0,"0.0","i",-1,-1,,"false"
"2026-09-18T05:53:32Z",49,"Iling Jr","AVL","0.0","0.0","0.0","0.0",0,0,"0.0",50,0,19,0,0,"0.0","u",0,0,,"false"
"2026-09-18T05:53:32Z",50,"Burrowes","AVL","-41.5","-44.0","-47.6","-51.2",-3,-16,"0.6",45,1710,5891,0,0,"0.0","a",0,0,,"false"
"2026-09-18T05:53:32Z",51,"George Hemmings","AVL","15.2","14.9","14.6","14.3",1,-26,"1.3",45,11503,13147,8,279,"2.0","a",0,0,,"false"
"2026-09-18T05:53:32Z",52,"Alysson","AVL","0.2","0.2","0.2","0.2",1,-1,"0.1",50,1299,490,8,87,"2.0","a",0,0,,"false"
"2026-09-18T05:53:32Z",53,"Manzambi","AVL","0.0","0.0","0.0","0.0",0,0,"0.1",59,1524,822,1,27,"0.2","a",0,-1,"2026-09-19T16:00:07.823042Z","false"
"2026-09-18T05:53:32Z",54,"Gomes","AVL","0.0","0.0","0.0","0.0",0,0,"0.0",55,389,256,-2,39,"-0.5","d",0,0,"2026-09-20T16:30:08.780195Z","false"
"2026-09-18T05:53:32Z",55,"Watkins","AVL","0.0","0.0","0.0","0.0",0,-108,"2.7",78,0,28931,0,0,"0.0","u",0,-2,,"false"
"2026-09-18T05:53:32Z",56,"Abraham","AVL","2.7","3.0","3.4","3.8",1,30,"0.2",55,2873,2282,3,69,"0.8","a",0,0,,"false"
"2026-09-18T05:53:32Z",160,"Garnacho","AVL","-34.7","-36.1","-38.2","-40.2",-2,-9,"0.3",58,720,5851,3,31,"0.8","a",-1,-2,,"false"
"2026-09-18T05:53:32Z",166,"N.Jackson","AVL","34.4","33.5","32.4","31.2",2,-87,"1.2",65,12789,26959,4,199,"1.0","a",0,0,,"false"
"2026-09-18T05:53:32Z",582,"Madjo","AVL","-11.5","-12.3","-13.4","-14.4",-1,-8,"0.2",54,224,3492,0,0,"0.0","i",-1,-1,,"false"
"2026-09-18T05:53:32Z",596,"Ruggeri","AVL","-83.3","-76.0","-65.8","-55.5",-3,6,"0.1",45,539,947,2,23,"0.5","a",0,0,,"false"
"2026-09-18T05:53:32Z",597,"Suzuki","AVL","24.1","24.1","24.0","24.0",2,-4,"1.8",50,12896,14322,14,270,"3.5","a",0,0,,"false"
"2026-09-18T05:53:32Z",606,"Rowe","AVL","0.4","0.4","0.4","0.4",1,2,"0.2",40,1555,1378,0,0,"0.0","a",0,0,,"false"
"2026-09-18T05:53:32Z",607,"Lynch","AVL","0.0","0.0","0.0","0.0",0,-3,"0.1",45,0,1214,0,0,"0.0","u",0,0,,"false"
"2026-09-18T05:53:32Z",611,"Wan-Bissaka","AVL","1.7","1.7","1.8","1.8",1,4,"0.2",45,3744,1792,5,107,"1.7","a",0,0,,"false"
"2026-09-18T05:53:32Z",618,"Goretzka","AVL","-7.7","-7.7","-7.7","-7.7",-1,0,"0.0",59,38,1216,0,0,"0.0","i",-1,-1,,"false"
"2026-09-18T05:53:32Z",630,"Harwood-Bellis","AVL","0.0","0.0","0.0","0.0",0,0,"0.0",45,276,291,0,0,"0.0","a",0,0,,"false"
"2026-09-18T05:53:32Z",631,"Mbaye","AVL","0.2","0.4","0.7","0.9",1,19,"0.1",60,2007,1124,1,27,"0.5","a",0,0,,"false"
"2026-09-18T05:53:32Z",57,"Petrović","BOU","2.9","2.1","0.9","-1.2",1,-91,"3.1",45,5481,20440,7,360,"1.8","a",0,0,,"false"
"2026-09-18T05:53:32Z",58,"Forster","BOU","4.2","4.2","4.1","4.1",1,-3,"3.5",40,17611,11702,0,0,"0.0","a",0,0,,"false"
"2026-09-18T05:53:32Z",59,"Dennis","BOU","0.0","0.0","0.0","0.0",0,-4,"0.1",40,0,842,0,0,"0.0","u",0,0,,"false"
"2026-09-18T05:53:32Z",60,"Hill","BOU","-20.0","-25.7","-33.6","-41.6",-2,-44,"0.8",55,2663,8640,8,360,"2.0","a",0,0,,"false"
"2026-09-18T05:53:32Z",61,"Truffert","BOU","-79.8","-83.9","-89.6","-95.3",-3,-130,"3.2",55,4983,25763,8,360,"2.0","a",0,0,,"false"
"2026-09-18T05:53:32Z",62,"Diakité","BOU","-89.6","-89.6","-89.6","-89.6",-3,0,"0.2",50,758,1880,0,0,"0.0","a",0,0,,"false"
"2026-09-18T05:53:32Z",63,"Milosavljević","BOU","-3.2","-8.6","-16.2","-23.8",-1,-2,"0.0",49,47,82,0,0,"0.0","i",-1,-1,,"false"
"2026-09-18T05:53:32Z",64,"Smith","BOU","0.4","0.4","0.3","0.2",1,-5,"0.1",45,663,1530,2,360,"0.5","a",0,0,,"false"
"2026-09-18T05:53:32Z",65,"J.Araujo","BOU","-9.0","-9.0","-9.0","-9.0",-1,0,"0.0",44,75,126,0,0,"0.0","i",0,-1,,"false"
"2026-09-18T05:53:32Z",66,"Soler","BOU","1.4","1.4","1.5","1.6",1,7,"0.3",40,1974,1978,0,0,"0.0","a",0,0,,"false"
"2026-09-18T05:53:32Z",67,"Rayan","BOU","-83.2","-89.1","-97.3","-105.5",-3,-98,"1.7",64,3238,27871,8,347,"2.0","a",0,-1,,"false"
"2026-09-18T05:53:32Z",68,"Tavernier","BOU","19.6","22.3","26.0","29.7",2,757,"6.0",61,251224,43702,29,350,"7.2","a",1,1,,"false"
"2026-09-18T05:53:32Z",69,"Scott","BOU","10.7","9.4","7.6","5.8",1,-137,"5.8",61,59466,60422,28,356,"7.0","a",0,1,,"false"
"2026-09-18T05:53:32Z",70,"Kluivert","BOU","-39.7","-40.0","-40.3","-40.7",-3,-3,"1.0",60,10860,8070,15,294,"3.8","a",0,0,,"false"
"2026-09-18T05:53:32Z",71,"Cook","BOU","0.5","0.4","0.4","0.3",1,-3,"0.2",50,675,3018,7,165,"1.8","a",0,0,,"false"
"2026-09-18T05:53:32Z",72,"Gannon-Doak","BOU","-30.0","-31.9","-34.6","-37.2",-2,-1,"0.1",49,267,658,3,10,"0.8","a",0,-1,,"false"
"2026-09-18T05:53:32Z",73,"Adams","BOU","1.6","1.6","1.4","1.3",1,-9,"0.3",50,2505,3292,8,192,"2.0","a",0,0,,"false"
"2026-09-18T05:53:32Z",74,"Brooks","BOU","0.0","0.0","0.0","0.0",0,0,"0.1",50,408,729,2,30,"0.5","a",0,0,,"false"
"2026-09-18T05:53:32Z",75,"Christie","BOU","0.3","0.3","0.3","0.3",1,0,"0.0",50,458,517,3,28,"0.8","a",0,0,,"false"
"2026-09-18T05:53:32Z",76,"Tóth.A","BOU","-2.5","-2.5","-2.5","-2.5",-1,0,"0.0",49,46,113,1,15,"0.2","a",-1,-1,,"false"
"2026-09-18T05:53:32Z",77,"Adli","BOU","-61.4","-61.4","-61.4","-61.4",-3,0,"0.0",49,22,182,0,0,"0.0","i",0,-1,,"false"
"2026-09-18T05:53:32Z",78,"Kroupi.Jr","BOU","-54.6","-56.4","-58.9","-61.4",-3,-9,"0.2",74,123,1506,0,0,"0.0","i",0,-1,,"false"
"2026-09-18T05:53:32Z",79,"Evanilson","BOU","47.5","46.7","45.7","44.6",3,-81,"3.3",60,34327,34656,16,334,"4.0","a",0,0,,"false"
"2026-09-18T05:53:32Z",80,"Enes Ünal","BOU","0.0","0.0","0.0","0.0",0,0,"0.0",55,0,99,0,0,"0.0","u",0,0,,"false"
"2026-09-18T05:53:32Z",81,"Rodríguez","BOU","-34.7","-35.1","-35.7","-36.3",-2,-1,"0.1",60,714,1121,2,10,"0.5","a",0,0,,"false"
"2026-09-18T05:53:32Z",566,"Silva","BOU","1.8","1.4","0.9","0.4",1,-40,"0.4",50,1769,4669,10,360,"2.5","a",0,0,,"false"
"2026-09-18T05:53:32Z",573,"Sanchez","BOU","-6.2","-7.3","-8.7","-10.1",-1,-3,"0.2",44,261,1033,0,0,"0.0","a",-1,-1,,"false"
"2026-09-18T05:53:32Z",608,"Jebbison","BOU","0.5","0.5","0.6","0.6",1,1,"0.1",50,1635,1664,2,16,"0.5","a",0,0,,"false"
"2026-09-18T05:53:32Z",615,"Di Gregorio","BOU","-19.3","-29.9","-44.8","-59.6",-2,-4,"0.0",45,293,458,0,0,"0.0","a",0,0,,"false"
"2026-09-18T05:53:32Z",82,"Kelleher","BRE","19.3","17.2","14.3","11.4",1,-219,"6.1",50,7469,49053,14,360,"3.5","a",0,0,,"false"
"2026-09-18T05:53:32Z",83,"Valdimarsson","BRE","-59.5","-59.5","-59.5","-59.5",-3,0,"0.1",45,253,685,0,0,"0.0","a",0,0,,"false"
"2026-09-18T05:53:32Z",84,"Collins","BRE","-7.1","-10.3","-14.6","-19.0",-1,-168,"1.1",54,93,31139,10,196,"2.5","i",-1,-1,,"false"
"2026-09-18T05:53:32Z",85,"Van den Berg","BRE","-55.6","-57.9","-61.0","-64.2",-3,-4,"0.1",49,30,640,0,0,"0.0","i",0,-1,,"false"
"2026-09-18T05:53:32Z",86,"Lewis-Potter","BRE","36.0","34.4","32.2","29.9",2,-168,"1.8",55,4846,32909,19,326,"4.8","a",0,0,,"false"
"2026-09-18T05:53:32Z",87,"Ajer","BRE","37.6","34.9","31.2","27.5",2,-278,"4.1",45,7282,49087,14,360,"3.5","a",0,0,,"false"
"2026-09-18T05:53:32Z",88,"Kayode","BRE","-18.2","-23.1","-30.0","-37.0",-2,-392,"7.8",46,15336,108010,17,226,"4.2","a",0,1,,"false"
"2026-09-18T05:53:32Z",89,"Henry","BRE","-6.5","-8.5","-11.1","-13.8",-1,-6,"0.2",44,336,1307,1,2,"0.2","a",-1,-1,,"false"
"2026-09-18T05:53:32Z",90,"Hickey","BRE","-24.9","-27.3","-30.6","-34.0",-2,-2,"0.1",45,261,492,4,131,"1.0","a",0,0,,"false"
"2026-09-18T05:53:32Z",92,"Ji-soo","BRE","-93.1","-104.6","-120.8","-137.0",-5,-2,"0.0",45,55,134,0,0,"0.0","a",0,0,,"false"
"2026-09-18T05:53:32Z",93,"Schuster","BRE","-66.6","-76.4","-90.1","-103.8",-3,-14,"0.1",45,251,708,7,163,"1.8","a",0,0,,"false"
"2026-09-18T05:53:32Z",94,"Schade","BRE","10.6","15.5","22.2","28.9",1,1374,"6.9",61,327055,42295,30,357,"7.5","a",1,1,,"false"
"2026-09-18T05:53:32Z",95,"O.Dango","BRE","-13.5","-18.6","-25.7","-32.9",-1,-46,"0.5",63,661,10707,6,170,"1.5","a",-1,-2,,"false"
"2026-09-18T05:53:32Z",96,"Damsgaard","BRE","-1.3","-5.5","-11.5","-17.5",-1,-32,"0.4",54,1086,6045,13,197,"3.2","a",-1,-1,,"false"
"2026-09-18T05:53:32Z",97,"Jensen","BRE","-26.1","-26.1","-26.1","-26.1",-2,0,"0.1",54,12,1405,6,66,"1.5","i",0,-1,,"false"
"2026-09-18T05:53:32Z",98,"Janelt","BRE","68.8","69.0","69.3","69.5",3,18,"2.5",50,35509,25717,25,360,"6.2","a",0,0,,"false"
"2026-09-18T05:53:32Z",99,"Milambo","BRE","-37.3","-37.3","-37.3","-37.3",-2,0,"0.0",50,14,26,0,0,"0.0","i",0,0,,"false"
"2026-09-18T05:53:32Z",100,"Carvalho","BRE","0.1","0.0","0.0","-9.2",0,-2,"0.0",50,215,287,0,0,"0.0","a",0,0,,"false"
"2026-09-18T05:53:32Z",102,"Yarmoliuk","BRE","-6.3","-9.2","-13.2","-17.3",-1,-34,"0.7",48,1392,6883,6,148,"1.5","a",-1,-2,,"false"
"2026-09-18T05:53:32Z",103,"Dasilva","BRE","-30.6","-30.6","-30.6","-30.6",-2,0,"0.0",49,8,236,0,0,"0.0","i",0,-1,,"false"
"2026-09-18T05:53:32Z",105,"Anthony","BRE","-20.0","-23.6","-28.7","-33.8",-2,-8,"0.1",59,460,1664,5,187,"1.2","a",-1,-1,,"false"
"2026-09-18T05:53:32Z",106,"Thiago","BRE","-1.3","-5.5","-11.5","-17.4",-1,-673,"9.1",78,15034,170370,5,352,"1.2","a",-1,-2,,"false"
"2026-09-18T05:53:32Z",107,"Furo","BRE","4.5","3.7","2.6","1.4",1,-83,"1.0",45,6212,15956,0,0,"0.0","i",0,0,,"false"
"2026-09-18T05:53:32Z",108,"Wilson","BRE","-100.4","-105.3","-112.1","-118.9",-5,-16,"0.3",55,1276,4865,3,13,"0.8","a",0,0,,"false"
"2026-09-18T05:53:32Z",565,"M.Sangaré","BRE","-97.9","-105.4","-115.8","-126.2",-5,-784,"11.5",57,22808,155071,22,300,"5.5","a",0,2,,"false"
"2026-09-18T05:53:32Z",620,"Diouf","BRE","-18.6","-19.9","-21.7","-23.5",-1,-1,"0.1",45,878,1384,1,30,"0.3","a",0,0,,"false"
"2026-09-18T05:53:32Z",657,"Nunes","BRE","0.0","0.0","0.0","0.0",0,0,"0.0",45,1582,359,0,0,"0.0","a",0,0,"2026-09-25T22:05:18.379374Z","false"
"2026-09-18T05:53:32Z",109,"Verbruggen","BHA","55.6","54.5","53.0","51.5",3,-115,"21.6",45,70053,100369,17,360,"4.2","a",0,0,,"false"
"2026-09-18T05:53:32Z",111,"Steele","BHA","2.2","2.2","2.1","2.0",1,-6,"4.2",40,15644,16412,0,0,"0.0","a",0,0,,"false"
"2026-09-18T05:53:32Z",113,"F.Kadıoğlu","BHA","-46.0","-49.2","-53.6","-58.0",-3,-52,"1.6",44,3468,13132,8,257,"2.0","a",0,-1,,"false"
"2026-09-18T05:53:32Z",114,"Boscagli","BHA","1.9","1.8","1.8","1.7",1,-5,"0.3",45,1090,1877,13,347,"3.2","a",0,0,,"false"
"2026-09-18T05:53:32Z",115,"De Cuyper","BHA","4.6","7.1","10.5","14.0",1,702,"24.3",49,334793,88692,32,333,"8.0","a",1,4,,"false"
"2026-09-18T05:53:32Z",116,"Dunk","BHA","17.8","18.3","19.0","19.8",1,54,"1.5",45,22852,8733,22,360,"5.5","a",0,0,,"false"
"2026-09-18T05:53:32Z",117,"Coppola","BHA","-15.1","-15.1","-15.1","-15.1",-1,0,"0.0",45,154,186,0,0,"0.0","a",0,0,,"false"
"2026-09-18T05:53:32Z",118,"Igor","BHA","0.0","0.0","0.0","0.0",0,-2,"0.0",45,0,720,0,0,"0.0","u",0,0,,"false"
"2026-09-18T05:53:32Z",119,"Costinha","BHA","-4.5","-7.9","-12.6","-17.2",-1,-1,"0.0",45,178,248,3,54,"0.8","a",0,0,,"false"
"2026-09-18T05:53:32Z",120,"Svoboda","BHA","0.0","0.0","0.1","0.1",0,2,"0.1",50,556,801,0,0,"0.0","a",0,0,,"false"
"2026-09-18T05:53:32Z",121,"Mitoma","BHA","-18.2","-18.2","-18.2","-18.2",-1,0,"0.0",59,49,250,0,0,"0.0","i",0,-1,,"false"
"2026-09-18T05:53:32Z",122,"Minteh","BHA","-88.5","-93.0","-99.2","-105.4",-3,-4,"0.0",59,24,403,0,0,"0.0","i",0,-1,,"false"
"2026-09-18T05:53:32Z",123,"Hinshelwood","BHA","-18.7","-21.2","-24.8","-28.3",-2,-79,"0.7",59,109,22339,16,63,"4.0","i",-1,-1,,"false"
"2026-09-18T05:53:32Z",124,"Groß","BHA","19.2","26.4","36.6","46.7",2,2069,"20.1",57,471904,75040,33,360,"8.2","a",1,2,,"false"
"2026-09-18T05:53:32Z",125,"Georginio","BHA","-75.5","-83.7","-95.2","-106.7",-3,-40,"0.5",54,1630,9638,5,90,"1.2","a",0,-1,,"false"
"2026-09-18T05:53:32Z",126,"O'Riley","BHA","-3.9","-6.6","-10.4","-14.2",-1,-5,"0.1",54,496,1048,1,6,"0.2","a",-1,-1,,"false"
"2026-09-18T05:53:32Z",127,"Gomez","BHA","41.2","38.7","35.1","31.6",2,-268,"4.4",50,10661,56468,16,348,"4.0","a",0,0,,"false"
"2026-09-18T05:53:32Z",128,"Buonanotte","BHA","0.0","0.0","0.0","0.0",0,0,"0.0",50,0,15,0,0,"0.0","u",0,0,,"false"
"2026-09-18T05:53:32Z",129,"Ayari","BHA","-45.7","-43.4","-40.2","-37.0",-3,9,"0.4",54,2854,3238,12,243,"3.0","a",0,-1,,"false"
"2026-09-18T05:53:32Z",130,"Wieffer","BHA","-6.6","-9.6","-13.7","-17.8",-1,-29,"0.2",49,46,5735,7,156,"1.8","i",-1,-1,,"false"
"2026-09-18T05:53:32Z",132,"Howell","BHA","0.0","0.0","0.0","0.0",0,-3,"0.0",45,0,339,0,0,"0.0","u",0,0,,"false"
"2026-09-18T05:53:32Z",133,"Watson","BHA","0.0","0.0","0.0","0.0",0,0,"0.0",50,0,8,0,0,"0.0","u",0,0,,"false"
"2026-09-18T05:53:32Z",134,"Oriola","BHA","-43.2","-47.4","-53.1","-58.9",-3,-10,"0.2",45,804,2411,0,0,"0.0","a",0,0,,"false"
"2026-09-18T05:53:32Z",135,"Yohanna","BHA","-55.2","-57.0","-59.6","-62.1",-3,-2,"0.0",49,27,947,1,12,"0.2","i",0,-1,,"false"
"2026-09-18T05:53:32Z",137,"Tzimas","BHA","-2.8","-2.8","-2.8","-2.8",-1,0,"0.0",54,44,73,0,0,"0.0","i",-1,-1,,"false"
"2026-09-18T05:53:32Z",138,"Kostoulas","BHA","26.4","28.8","32.3","35.7",2,256,"0.9",55,41983,10985,18,278,"4.5","a",0,0,,"false"
"2026-09-18T05:53:32Z",139,"Ferguson","BHA","-42.7","-44.1","-46.1","-48.0",-3,-1,"0.0",50,207,341,0,0,"0.0","i",0,0,,"false"
"2026-09-18T05:53:32Z",328,"Struijk","BHA","-10.3","-10.3","-10.3","-10.3",-1,0,"0.2",49,520,2018,2,13,"0.5","a",-1,-1,,"false"
"2026-09-18T05:53:32Z",504,"Vuskovic","BHA","34.1","33.7","33.1","32.6",2,-43,"3.1",50,23336,25886,24,347,"6.0","a",0,0,,"false"
"2026-09-18T05:53:32Z",594,"David","BHA","-102.0","-106.3","-112.3","-118.3",-5,-9,"0.2",60,1770,4156,1,23,"0.2","a",0,0,,"false"
"2026-09-18T05:53:32Z",600,"Osman","BHA","-51.3","-58.3","-68.1","-77.9",-3,-1,"0.0",50,129,186,3,40,"0.8","a",0,0,,"false"
"2026-09-18T05:53:32Z",605,"Yalcouyé","BHA","45.8","48.0","51.1","54.2",3,233,"3.9",45,100071,32513,19,231,"4.8","a",0,0,,"false"
"2026-09-18T05:53:32Z",614,"Hadjam","BHA","-18.5","-15.4","-11.3","-7.1",-1,1,"0.0",45,391,551,0,0,"0.0","a",0,0,,"false"
"2026-09-18T05:53:32Z",624,"Cozier-Duberry","BHA","0.0","0.0","0.0","0.0",0,0,"0.0",50,0,9,0,0,"0.0","u",0,0,,"false"
"2026-09-18T05:53:32Z",639,"Andrés","BHA","0.0","0.0","0.0","0.0",0,0,"0.0",55,393,197,4,25,"2.0","a",0,0,,"false"
"2026-09-18T05:53:32Z",652,"Azeez","BHA","0.0","0.0","0.0","0.0",0,0,"0.0",55,51,45,0,0,"0.0","d",0,0,"2026-09-18T10:30:08.836964Z","false"
"2026-09-18T05:53:32Z",658,"Ibrahim","BHA","0.0","0.0","0.0","0.0",0,0,"0.0",45,1044,221,0,0,"0.0","a",0,0,"2026-09-26T17:44:20.289392Z","false"
"2026-09-18T05:53:32Z",28,"Martinez","CHE","5.3","4.3","2.8","1.4",1,-109,"4.9",50,16786,44397,7,270,"1.8","a",0,0,,"false"
"2026-09-18T05:53:32Z",40,"Rogers","CHE","55.5","62.1","71.5","80.8",3,1907,"38.9",77,536154,48452,27,347,"6.8","a",1,2,,"false"
"2026-09-18T05:53:32Z",101,"Henderson","CHE","0.0","0.0","0.0","0.0",0,0,"0.0",49,37,361,0,0,"0.0","d",0,-1,"2026-09-25T13:30:09.904003Z","false"
"2026-09-18T05:53:32Z",136,"Welbeck","CHE","-15.9","1.1","4.4","7.7",1,248,"0.8",59,14310,10308,2,15,"0.5","a",0,-1,,"false"
"2026-09-18T05:53:32Z",140,"Sánchez","CHE","0.0","0.0","0.0","0.0",0,-43,"0.8",49,0,12281,2,90,"0.5","u",0,-1,,"false"
"2026-09-18T05:53:32Z",141,"Jörgensen","CHE","0.0","0.0","0.0","0.0",0,0,"0.0",50,0,46,0,0,"0.0","u",0,0,,"false"
"2026-09-18T05:53:32Z",142,"James","CHE","-42.8","-47.4","-53.9","-60.3",-3,-327,"7.0",54,17091,88085,3,292,"0.8","a",0,-1,,"false"
"2026-09-18T05:53:32Z",143,"Chalobah","CHE","0.0","0.0","0.0","0.0",0,-2,"0.1",55,0,617,0,0,"0.0","u",0,0,,"false"
"2026-09-18T05:53:32Z",144,"Gusto","CHE","-73.6","-76.3","-80.0","-83.7",-3,-27,"1.0",50,3475,11450,4,272,"1.0","a",0,0,,"false"
"2026-09-18T05:53:32Z",145,"Fofana","CHE","3.4","3.2","2.9","2.6",1,-23,"0.2",50,2535,2727,4,242,"1.0","a",0,0,,"false"
"2026-09-18T05:53:32Z",146,"B.Badiashile","CHE","0.0","0.0","0.0","0.0",0,0,"0.0",45,0,110,0,0,"0.0","u",0,0,,"false"
"2026-09-18T05:53:32Z",148,"Hato","CHE","15.6","14.5","13.1","11.6",1,-109,"0.9",45,3850,16679,8,258,"2.0","a",0,0,,"false"
"2026-09-18T05:53:32Z",149,"Colwill","CHE","-77.8","-82.9","-90.2","-97.4",-3,-49,"0.9",49,1546,14746,2,251,"0.5","a",0,-1,,"false"
"2026-09-18T05:53:32Z",150,"M.Sarr","CHE","0.0","0.0","0.0","0.0",0,-1,"0.0",45,0,371,0,0,"0.0","u",0,0,,"false"
"2026-09-18T05:53:32Z",151,"Acheampong","CHE","0.7","0.5","0.2","-1.6",1,-20,"0.4",45,1184,4876,5,202,"1.2","a",0,0,,"false"
"2026-09-18T05:53:32Z",152,"Palestra","CHE","-0.0","-0.0","-0.0","-0.0",0,0,"0.7",53,191,16063,0,0,"0.0","d",-1,-2,"2026-09-25T13:30:10.008957Z","false"
"2026-09-18T05:53:32Z",154,"Palmer","CHE","30.8","29.7","28.1","26.6",2,-115,"26.8",97,137697,127206,26,352,"6.5","a",0,2,,"false"
"2026-09-18T05:53:32Z",156,"Neto","CHE","1.2","1.1","1.1","1.1",1,-2,"1.4",65,11696,17437,12,246,"3.0","a",0,0,,"false"
"2026-09-18T05:53:32Z",157,"Estêvão","CHE","-18.9","-20.9","-23.6","-26.3",-2,-24,"0.7",63,2381,8571,3,20,"0.8","a",-1,-2,,"false"
"2026-09-18T05:53:32Z",158,"Gittens","CHE","-89.3","-89.3","-89.3","-89.3",-3,0,"0.0",59,157,344,0,0,"0.0","a",0,-1,,"false"
"2026-09-18T05:53:32Z",159,"Caicedo","CHE","-0.0","-0.0","-0.0","-0.0",0,0,"1.2",53,510,26218,1,13,"0.2","d",-1,-2,"2026-09-25T13:30:10.038499Z","false"
"2026-09-18T05:53:32Z",161,"Lavia","CHE","5.2","5.2","5.3","5.3",1,4,"0.2",50,2246,3618,11,258,"2.8","a",0,0,,"false"
"2026-09-18T05:53:32Z",163,"D.Essugo","CHE","0.0","0.0","0.0","0.0",0,-4,"0.1",45,0,1665,0,0,"0.0","u",0,0,,"false"
"2026-09-18T05:53:32Z",164,"Quenda","CHE","-10.9","-10.9","-10.9","-10.9",-1,0,"0.0",53,131,449,1,8,"0.2","a",-1,-2,,"false"
"2026-09-18T05:53:32Z",165,"João Pedro","CHE","-7.7","-20.1","-37.4","-54.8",-2,-6542,"72.3",78,237535,292004,33,360,"8.2","d",1,3,,"false"
"2026-09-18T05:53:32Z",168,"Marc Guiu","CHE","0.0","0.0","0.0","0.0",0,-10,"0.2",50,0,3187,0,0,"0.0","u",0,0,,"false"
"2026-09-18T05:53:32Z",169,"Mheuka","CHE","3.0","3.1","3.4","3.6",1,18,"0.5",45,7087,4799,0,0,"0.0","a",0,0,,"false"
"2026-09-18T05:53:32Z",170,"Emegha","CHE","-63.1","-64.9","-67.5","-70.0",-3,-6,"0.1",50,102,2369,0,0,"0.0","i",0,0,,"false"
"2026-09-18T05:53:32Z",200,"Lacroix","CHE","-101.6","-107.1","-114.8","-122.4",-5,-395,"7.1",60,7292,97022,10,274,"2.5","a",0,0,,"false"
"2026-09-18T05:53:32Z",560,"Penders","CHE","0.0","0.0","0.0","0.0",0,0,"0.1",44,572,509,0,0,"0.0","a",0,-1,,"false"
"2026-09-18T05:53:32Z",561,"Anselmino","CHE","0.0","0.0","0.0","0.0",0,0,"0.0",45,163,181,0,0,"0.0","a",0,0,,"false"
"2026-09-18T05:53:32Z",568,"Barco","CHE","-7.0","-8.9","-11.5","-14.2",-1,-4,"0.1",54,394,1118,1,29,"0.2","a",-1,-1,,"false"
"2026-09-18T05:53:32Z",583,"Chavarria","CHE","-38.3","-39.6","-41.4","-43.3",-2,-2,"0.1",49,365,1334,4,118,"1.0","a",0,-1,,"false"
"2026-09-18T05:53:32Z",91,"Pinnock","COV","-75.3","-78.2","-82.3","-86.5",-3,-2,"0.1",45,326,565,6,192,"1.5","a",0,0,,"false"
"2026-09-18T05:53:32Z",104,"Onyeka","COV","-6.4","-10.3","-15.8","-21.3",-1,-4,"0.1",49,270,1246,6,224,"1.5","a",0,-1,,"false"
"2026-09-18T05:53:32Z",110,"Rushworth","COV","-43.8","-45.8","-48.7","-51.6",-3,-17,"0.8",45,757,9350,5,360,"1.2","a",0,0,,"false"
"2026-09-18T05:53:32Z",171,"Dovin","COV","0.0","0.0","0.0","0.0",0,-14,"1.1",40,0,8168,0,0,"0.0","u",0,0,,"false"
"2026-09-18T05:53:32Z",172,"Wilson","COV","-1.0","-1.6","-2.5","-3.4",-1,-4,"0.4",44,286,1396,0,0,"0.0","a",-1,-1,,"false"
"2026-09-18T05:53:32Z",173,"Thomas","COV","18.0","16.4","14.3","12.1",1,-163,"8.8",40,24652,57242,15,347,"3.8","a",0,0,,"false"
"2026-09-18T05:53:32Z",174,"Kitching","COV","0.0","0.0","0.0","0.0",0,-15,"0.4",40,0,4038,0,0,"0.0","u",0,0,,"false"
"2026-09-18T05:53:32Z",175,"van Ewijk","COV","-47.0","-49.8","-53.7","-57.5",-3,-273,"9.7",40,11231,85261,6,360,"1.5","a",0,0,,"false"
"2026-09-18T05:53:32Z",176,"Dasilva","COV","-48.4","-49.5","-51.0","-52.5",-3,-8,"0.7",40,701,3678,5,354,"1.2","a",0,0,,"false"
"2026-09-18T05:53:32Z",177,"Kesler-Hayden","COV","-99.5","-100.4","-101.8","-103.2",-5,-1,"0.0",40,125,361,0,0,"0.0","i",0,0,,"false"
"2026-09-18T05:53:32Z",178,"Bidwell","COV","-23.0","-23.0","-23.0","-23.0",-2,0,"0.1",40,374,547,0,0,"0.0","a",0,0,,"false"
"2026-09-18T05:53:32Z",179,"Latibeaudiere","COV","-57.7","-59.1","-61.0","-62.9",-3,-1,"0.0",40,123,254,0,0,"0.0","a",0,0,,"false"
"2026-09-18T05:53:32Z",180,"Woolfenden","COV","-73.5","-74.8","-76.5","-78.2",-3,-4,"0.1",40,193,985,0,0,"0.0","i",0,0,,"false"
"2026-09-18T05:53:32Z",181,"Brau","COV","0.0","0.0","0.0","0.0",0,0,"0.0",40,0,213,0,0,"0.0","u",0,0,,"false"
"2026-09-18T05:53:32Z",182,"Amenda","COV","-29.5","-33.8","-39.9","-46.0",-2,-57,"0.7",40,1364,5395,4,360,"1.0","d",0,0,,"false"
"2026-09-18T05:53:32Z",183,"Rudoni","COV","-1.0","-4.4","-9.2","-14.0",-1,-6,"0.1",49,356,1244,8,224,"2.0","a",-1,-1,,"false"
"2026-09-18T05:53:32Z",184,"Grimes","COV","-14.3","-17.9","-22.9","-28.0",-1,-8,"0.1",49,504,1642,8,353,"2.0","a",-1,-1,,"false"
"2026-09-18T05:53:32Z",185,"Sakamoto","COV","-0.6","-0.6","-0.6","-0.6",-1,0,"0.1",48,74,737,1,31,"0.2","a",-1,-2,,"false"
"2026-09-18T05:53:32Z",186,"Mason-Clark","COV","-71.4","-78.4","-88.2","-98.1",-3,-6,"0.1",54,81,702,4,186,"1.0","a",0,-1,,"false"
"2026-09-18T05:53:32Z",187,"Eccles","COV","-76.2","-76.2","-76.2","-76.2",-3,0,"0.0",49,12,266,0,0,"0.0","i",0,-1,,"false"
"2026-09-18T05:53:32Z",188,"Torp","COV","-100.8","-106.8","-115.3","-123.8",-5,-6,"0.1",54,35,859,3,53,"0.8","a",0,-1,,"false"
"2026-09-18T05:53:32Z",189,"Shepherd","COV","0.0","0.2","0.3","0.5",1,12,"0.2",44,597,2071,0,0,"0.0","a",-1,-1,,"false"
"2026-09-18T05:53:32Z",190,"Tchaouna","COV","-42.6","-48.1","-55.8","-63.6",-3,-6,"0.1",54,30,829,4,166,"1.0","a",0,-1,,"false"
"2026-09-18T05:53:32Z",191,"Borges Rodrigues","COV","0.0","0.0","0.0","0.0",0,-6,"0.1",45,0,1485,0,0,"0.0","u",0,0,,"false"
"2026-09-18T05:53:32Z",192,"Andrews","COV","0.0","0.0","0.0","0.0",0,-23,"0.3",45,0,4327,0,0,"0.0","u",0,0,,"false"
"2026-09-18T05:53:32Z",193,"Wright","COV","-67.4","-69.8","-73.1","-76.4",-3,-5,"0.1",54,71,1012,0,0,"0.0","i",0,-1,,"false"
"2026-09-18T05:53:32Z",194,"Thomas-Asante","COV","2.2","2.1","1.9","1.8",1,-12,"0.8",50,6704,9791,5,137,"1.2","a",0,0,,"false"
"2026-09-18T05:53:32Z",195,"Simms","COV","-56.9","-63.2","-72.0","-80.9",-3,-45,"0.7",50,2271,9584,3,88,"0.8","a",0,0,,"false"
"2026-09-18T05:53:32Z",196,"Markelo","COV","0.0","0.0","0.0","0.0",0,0,"0.0",50,0,93,0,0,"0.0","u",0,0,,"false"
"2026-09-18T05:53:32Z",197,"Bassette","COV","0.0","0.0","0.0","0.0",0,0,"0.0",45,0,232,0,0,"0.0","u",0,0,,"false"
"2026-09-18T05:53:32Z",492,"Awoniyi","COV","-101.4","-111.5","-125.5","-139.5",-5,-138,"0.5",55,542,16048,3,232,"0.8","s",0,0,,"false"
"2026-09-18T05:53:32Z",575,"Yirenkyi","COV","-58.5","-64.7","-73.3","-82.0",-3,-10,"0.2",49,207,1964,6,175,"1.5","a",0,-1,,"false"
"2026-09-18T05:53:32Z",584,"Hamer","COV","-42.6","-45.2","-48.8","-52.5",-3,-3,"0.1",54,58,756,3,32,"0.8","a",0,-1,,"false"
"2026-09-18T05:53:32Z",599,"Cherif","COV","-1.2","0.0","0.1","0.1",0,3,"0.1",50,1257,1137,1,30,"0.2","a",0,0,,"false"
"2026-09-18T05:53:32Z",623,"Bentley","COV","1.0","1.0","1.0","1.0",1,0,"0.6",40,9382,2122,0,0,"0.0","a",0,0,,"false"
"2026-09-18T05:53:32Z",655,"Gboho","COV","0.0","0.0","0.0","0.0",0,0,"0.0",55,108,33,0,0,"0.0","a",0,0,"2026-09-23T15:00:18.732507Z","false"
"2026-09-18T05:53:32Z",656,"Mfuni","COV","0.0","0.0","0.0","0.0",0,0,"0.1",40,5258,1333,0,0,"0.0","a",0,0,"2026-09-24T14:54:23.064516Z","false"
"2026-09-18T05:53:32Z",42,"Guessand","CRY","-0.9","-3.8","-7.9","-12.0",-1,-2,"0.0",54,271,660,2,54,"0.5","a",-1,-1,,"false"
"2026-09-18T05:53:32Z",153,"Disasi","CRY","0.0","-15.5","-39.7","-64.0",-1,-40,"0.1",45,119,3931,1,139,"0.2","s",0,0,,"false"
"2026-09-18T05:53:32Z",198,"Henderson","CRY","-48.9","-54.9","-63.4","-71.9",-3,-253,"1.5",50,188,48279,5,270,"1.2","i",0,0,,"false"
"2026-09-18T05:53:32Z",199,"Benitez","CRY","-41.8","-39.1","-35.4","-31.7",-2,3,"0.1",45,1055,631,2,90,"0.5","a",0,0,,"false"
"2026-09-18T05:53:32Z",202,"Richards","CRY","-70.5","-78.5","-89.8","-101.0",-3,-49,"0.6",50,1504,7092,6,360,"1.5","a",0,0,,"false"
"2026-09-18T05:53:32Z",203,"Canvot","CRY","-79.7","-88.8","-101.7","-114.5",-3,-19,"0.2",49,219,3432,2,270,"0.5","a",0,-1,,"false"
"2026-09-18T05:53:32Z",204,"Mitchell","CRY","29.4","26.8","23.1","19.3",2,-280,"6.2",45,17923,53882,17,329,"4.2","a",0,0,,"false"
"2026-09-18T05:53:32Z",205,"Sosa","CRY","0.0","0.0","0.0","0.0",0,0,"0.0",45,0,234,0,0,"0.0","u",0,0,,"false"
"2026-09-18T05:53:32Z",206,"Chadi Riad","CRY","-98.1","-98.1","-98.1","-98.1",-4,0,"0.0",44,40,313,1,72,"0.2","i",0,-1,,"false"
"2026-09-18T05:53:32Z",207,"Mingueza","CRY","-51.8","-58.4","-67.7","-77.0",-3,-4,"0.1",44,218,750,2,16,"0.5","a",0,-1,,"false"
"2026-09-18T05:53:32Z",208,"Sarr","CRY","0.0","0.0","0.0","0.0",0,0,"0.6",62,295,10571,0,0,"0.0","a",-1,-3,"2026-09-24T16:30:08.977944Z","false"
"2026-09-18T05:53:32Z",210,"Wharton","CRY","-62.7","-69.1","-78.0","-86.9",-3,-50,"0.8",55,2329,9403,10,346,"2.5","a",0,0,,"false"
"2026-09-18T05:53:32Z",211,"Yeremy","CRY","6.9","6.1","5.0","3.9",1,-85,"0.4",55,1338,9756,12,226,"3.0","a",0,0,,"false"
"2026-09-18T05:53:32Z",212,"Hughes","CRY","-3.5","-4.9","-6.9","-8.9",-1,-194,"7.9",44,21285,74639,2,29,"0.5","a",-1,-1,,"false"
"2026-09-18T05:53:32Z",213,"Lerma","CRY","-72.5","-75.2","-78.8","-82.5",-3,-2,"0.1",49,143,638,1,6,"0.2","a",0,-1,,"false"
"2026-09-18T05:53:32Z",214,"Kamada","CRY","9.0","9.3","9.8","10.2",1,32,"0.5",50,17418,5717,18,351,"4.5","a",0,0,,"false"
"2026-09-18T05:53:32Z",215,"Devenny","CRY","0.0","0.0","0.0","0.0",0,0,"0.0",50,0,90,0,0,"0.0","u",0,0,,"false"
"2026-09-18T05:53:32Z",216,"Esse","CRY","0.0","0.0","0.0","0.0",0,-1,"0.0",50,0,340,0,0,"0.0","u",0,0,,"false"
"2026-09-18T05:53:32Z",217,"M.França","CRY","0.0","0.0","0.0","0.0",0,-6,"0.0",49,0,550,0,0,"0.0","u",0,-1,,"false"
"2026-09-18T05:53:32Z",218,"Doucouré","CRY","-72.5","-72.5","-72.5","-72.5",-3,0,"0.0",49,215,680,0,0,"0.0","a",0,-1,,"false"
"2026-09-18T05:53:32Z",219,"J.Rak-Sakyi","CRY","0.0","0.0","0.0","0.0",0,0,"0.0",49,0,90,0,0,"0.0","u",0,-1,,"false"
"2026-09-18T05:53:32Z",220,"Cardines","CRY","0.0","0.0","0.0","0.0",0,0,"0.0",45,0,7,0,0,"0.0","u",0,0,,"false"
"2026-09-18T05:53:32Z",221,"Drakes-Thomas","CRY","-59.2","-60.5","-62.4","-64.3",-3,-1,"0.1",45,292,784,0,0,"0.0","a",0,0,,"false"
"2026-09-18T05:53:32Z",222,"Strand Larsen","CRY","3.8","4.0","4.1","4.3",1,11,"0.6",60,11125,7617,12,217,"3.0","a",0,0,,"false"
"2026-09-18T05:53:32Z",223,"Mateta","CRY","-13.6","-15.2","-17.4","-19.6",-1,-108,"1.4",63,179,22500,2,62,"0.5","i",-1,-2,,"false"
"2026-09-18T05:53:32Z",224,"Nketiah","CRY","1.7","0.9","-1.9","-21.8",1,-79,"0.5",55,417,19084,7,167,"1.8","a",0,0,,"false"
"2026-09-18T05:53:32Z",225,"Uche","CRY","0.0","0.0","0.0","0.0",0,0,"0.0",50,0,0,0,0,"0.0","u",0,0,,"false"
"2026-09-18T05:53:32Z",241,"McNeil","CRY","-51.2","-57.5","-66.3","-75.1",-3,-8,"0.1",54,147,1183,3,84,"0.8","a",0,-1,,"false"
"2026-09-18T05:53:32Z",555,"Matthews","CRY","-4.3","-4.1","-3.8","-3.5",-1,4,"1.7",40,2804,4797,0,0,"0.0","a",0,0,,"false"
"2026-09-18T05:53:32Z",577,"Tomiyasu","CRY","-4.1","-5.7","-7.8","-10.0",-1,-7,"0.3",44,360,2243,2,144,"0.5","a",-1,-1,,"false"
"2026-09-18T05:53:32Z",588,"Khalaili","CRY","6.4","6.0","5.4","4.8",1,-45,"0.3",50,4823,4225,13,289,"3.2","a",0,0,,"false"
"2026-09-18T05:53:32Z",595,"Gozo","CRY","-62.4","-62.4","-62.4","-62.4",-3,0,"0.0",50,68,157,2,28,"0.5","a",0,0,,"false"
"2026-09-18T05:53:32Z",633,"Ahanor","CRY","0.0","0.0","0.1","0.1",0,1,"0.0",45,597,187,3,90,"1.5","a",0,0,,"false"
"2026-09-18T05:53:32Z",643,"Chilwell","CRY","-20.9","-30.5","-43.9","-57.3",-2,-46,"0.5",45,2689,7283,8,29,"4.0","a",0,0,,"false"
"2026-09-18T05:53:32Z",644,"Timber","CRY","0.1","0.1","0.1","0.1",1,0,"0.0",50,1179,500,6,163,"3.0","a",0,0,,"false"
"2026-09-18T05:53:32Z",647,"Osorio","CRY","-6.5","-6.5","-6.5","-6.5",-1,0,"0.0",55,72,126,1,1,"0.5","a",0,0,,"false"
"2026-09-18T05:53:32Z",21,"Nørgaard","EVE","-69.1","-70.7","-72.9","-75.2",-3,-2,"0.0",49,38,626,0,0,"0.0","i",0,-1,,"false"
"2026-09-18T05:53:32Z",209,"Johnson","EVE","-23.7","-14.1","-0.8","0.2",-1,12,"0.1",59,1644,1111,6,173,"1.5","a",0,-1,,"false"
"2026-09-18T05:53:32Z",226,"Pickford","EVE","15.1","18.0","21.9","25.9",1,298,"9.0",55,55556,33332,17,360,"4.2","a",0,0,,"false"
"2026-09-18T05:53:32Z",227,"Travers","EVE","-34.9","-34.9","-34.9","-34.9",-2,0,"0.0",50,450,376,0,0,"0.0","a",0,0,,"false"
"2026-09-18T05:53:32Z",228,"King","EVE","-32.6","-32.6","-32.6","-32.6",-2,0,"0.0",45,190,244,0,0,"0.0","a",0,0,,"false"
"2026-09-18T05:53:32Z",229,"Tarkowski","EVE","14.7","18.2","23.0","27.9",1,995,"14.0",61,227005,37812,29,360,"7.2","a",1,1,,"false"
"2026-09-18T05:53:32Z",230,"Branthwaite","EVE","21.3","23.2","25.9","28.5",2,200,"2.2",55,37047,10404,19,360,"4.8","a",0,0,,"false"
"2026-09-18T05:53:32Z",231,"Keane","EVE","-20.9","-24.6","-29.6","-34.7",-2,-50,"0.8",48,1553,9469,0,0,"0.0","a",-1,-2,,"false"
"2026-09-18T05:53:32Z",232,"O'Brien","EVE","-87.0","-88.0","-89.4","-90.9",-3,-3,"0.3",49,971,2152,1,15,"0.2","a",0,-1,,"false"
"2026-09-18T05:53:32Z",233,"Mykolenko","EVE","71.7","82.7","98.0","113.3",3,1152,"3.5",45,160433,17942,22,360,"5.5","a",0,0,,"false"
"2026-09-18T05:53:32Z",234,"Patterson","EVE","0.0","0.0","0.0","0.0",0,0,"0.0",45,0,258,0,0,"0.0","u",0,0,,"false"
"2026-09-18T05:53:32Z",235,"Aznou","EVE","0.0","0.0","0.0","0.0",0,-1,"0.1",40,0,1320,0,0,"0.0","u",0,0,,"false"
"2026-09-18T05:53:32Z",236,"Dewsbury-Hall","EVE","76.8","87.5","102.6","117.6",3,1132,"5.8",65,132303,46727,17,360,"4.2","a",0,0,,"false"
"2026-09-18T05:53:32Z",238,"Grealish","EVE","6.4","6.8","7.2","7.7",1,36,"0.4",65,7435,4841,3,57,"0.8","a",0,0,,"false"
"2026-09-18T05:53:32Z",239,"Garner","EVE","1.9","2.4","3.1","3.9",1,56,"0.2",60,8818,2501,8,238,"2.0","a",0,0,,"false"
"2026-09-18T05:53:32Z",242,"George","EVE","24.5","26.9","30.2","33.6",2,251,"0.9",55,35726,8354,18,298,"4.5","a",0,0,,"false"
"2026-09-18T05:53:32Z",243,"Alcaraz","EVE","-22.9","-24.5","-26.7","-28.9",-2,-1,"0.1",49,394,800,1,5,"0.2","a",0,-1,,"false"
"2026-09-18T05:53:32Z",244,"Armstrong","EVE","10.6","10.1","9.4","8.7",1,-53,"0.4",50,5779,6105,14,356,"3.5","d",0,0,,"false"
"2026-09-18T05:53:32Z",245,"Dibling","EVE","-76.9","-81.1","-87.0","-92.8",-3,-1,"0.0",54,204,306,0,0,"0.0","a",0,-1,,"false"
"2026-09-18T05:53:32Z",246,"Röhl","EVE","-9.9","-13.7","-19.1","-24.5",-1,-5,"0.0",49,279,839,6,249,"1.5","d",-1,-1,,"false"
"2026-09-18T05:53:32Z",247,"Hackney","EVE","-75.3","-75.6","-75.9","-76.3",-3,-1,"0.2",55,587,1567,9,136,"2.2","a",0,0,,"false"
"2026-09-18T05:53:32Z",248,"Beto","EVE","0.0","0.0","0.0","0.0",0,-89,"0.7",54,0,19455,2,31,"0.5","u",0,-1,,"false"
"2026-09-18T05:53:32Z",249,"Barry","EVE","38.1","49.3","64.9","80.5",3,1173,"7.1",56,142965,65063,14,327,"3.5","a",0,1,,"false"
"2026-09-18T05:53:32Z",649,"Maitland-Niles","EVE","4.2","7.0","10.9","14.8",1,293,"0.9",45,38541,4816,13,87,"6.5","a",0,0,,"false"
"2026-09-18T05:53:32Z",654,"Graham","EVE","0.0","0.0","0.0","0.0",0,0,"0.1",45,1451,1974,0,0,"0.0","a",0,0,"2026-09-19T17:46:58.377521Z","false"
"2026-09-18T05:53:32Z",250,"Leno","FUL","3.1","3.3","3.7","4.1",1,27,"3.1",45,28099,13064,15,360,"3.8","a",0,0,,"false"
"2026-09-18T05:53:32Z",251,"Lecomte","FUL","-18.3","-18.6","-19.1","-19.6",-1,-4,"1.1",40,2807,3222,0,0,"0.0","a",0,0,,"false"
"2026-09-18T05:53:32Z",252,"McNally","FUL","0.0","0.0","0.0","0.0",0,-3,"0.1",40,0,740,0,0,"0.0","u",0,0,,"false"
"2026-09-18T05:53:32Z",253,"Andersen","FUL","0.1","0.1","0.2","0.2",1,4,"0.1",50,1469,1640,2,180,"0.5","a",0,0,,"false"
"2026-09-18T05:53:32Z",254,"Robinson","FUL","-37.0","-36.8","-36.7","-36.5",-2,2,"1.4",45,8418,8695,10,339,"2.5","a",0,0,,"false"
"2026-09-18T05:53:32Z",255,"J.Cuenca","FUL","-52.0","-58.2","-66.8","-75.4",-3,-2,"0.0",45,74,274,3,90,"0.8","a",0,0,,"false"
"2026-09-18T05:53:32Z",256,"Tete","FUL","-26.6","-29.2","-32.7","-36.3",-2,-5,"0.2",44,300,1296,0,27,"0.0","a",0,-1,,"false"
"2026-09-18T05:53:32Z",257,"Bassey","FUL","-19.0","-18.8","-18.6","-18.3",-1,1,"0.7",45,2884,2926,9,360,"2.2","a",0,0,,"false"
"2026-09-18T05:53:32Z",258,"Castagne","FUL","9.4","9.7","10.1","10.5",1,31,"0.8",45,10478,5730,19,318,"4.8","a",0,0,,"false"
"2026-09-18T05:53:32Z",261,"Iwobi","FUL","-41.9","-45.2","-49.9","-54.5",-3,-22,"0.7",54,2404,7277,9,338,"2.2","a",0,-1,,"false"
"2026-09-18T05:53:32Z",262,"Smith Rowe","FUL","-60.5","-65.3","-72.0","-78.7",-3,-12,"0.2",54,469,2730,3,38,"0.8","a",0,-1,,"false"
"2026-09-18T05:53:32Z",263,"Kevin","FUL","0.0","0.0","0.0","0.1",0,1,"0.0",53,497,535,3,42,"0.8","a",-1,-2,,"false"
"2026-09-18T05:53:32Z",264,"Bobb","FUL","-52.3","-51.5","-50.4","-49.2",-3,2,"0.3",55,2084,3092,10,273,"2.5","a",0,0,,"false"
"2026-09-18T05:53:32Z",265,"Berge","FUL","-15.0","-17.7","-21.5","-25.3",-1,-8,"0.3",49,1345,2433,8,273,"2.0","a",0,-1,,"false"
"2026-09-18T05:53:32Z",266,"Cairney","FUL","-2.5","-2.5","-2.5","-2.5",-1,0,"0.0",49,13,42,0,0,"0.0","i",-1,-1,,"false"
"2026-09-18T05:53:32Z",268,"King","FUL","49.8","52.7","56.7","60.8",3,304,"1.7",55,71260,19822,22,346,"5.5","a",0,0,,"false"
"2026-09-18T05:53:32Z",269,"Sessegnon","FUL","-31.8","-36.2","-42.3","-48.4",-2,-23,"0.3",44,220,3806,3,50,"0.8","d",0,-1,,"false"
"2026-09-18T05:53:32Z",270,"Reed","FUL","1.9","1.7","1.5","1.2",1,-20,"1.2",44,14202,12844,0,0,"0.0","a",-1,-1,,"false"
"2026-09-18T05:53:32Z",271,"Muniz","FUL","-26.5","-29.2","-33.0","-36.8",-2,-12,"0.4",54,2631,4745,3,28,"0.8","a",0,-1,,"false"
"2026-09-18T05:53:32Z",272,"Kusi-Asare","FUL","-33.1","-36.6","-41.5","-46.4",-2,-205,"5.8",45,23876,50540,0,0,"0.0","a",0,0,,"false"
"2026-09-18T05:53:32Z",569,"Gonzalo","FUL","46.1","45.4","44.4","43.4",3,-73,"3.6",60,26359,57536,12,346,"3.0","a",0,0,,"false"
"2026-09-18T05:53:32Z",570,"Palacios","FUL","-0.1","-0.1","-0.1","-0.1",-1,0,"0.2",54,1379,1891,11,207,"2.8","a",-1,-1,,"false"
"2026-09-18T05:53:32Z",580,"Charles","FUL","-85.1","-79.6","-71.8","-64.0",-3,4,"0.1",50,590,511,9,213,"2.2","a",0,0,,"false"
"2026-09-18T05:53:32Z",610,"De Fougerolles","FUL","0.0","0.0","0.0","0.0",0,-2,"0.1",40,0,1017,0,0,"0.0","u",0,0,,"false"
"2026-09-18T05:53:32Z",626,"Zepa","FUL","-47.0","-50.6","-55.6","-60.6",-3,-11,"0.3",45,951,4164,0,0,"0.0","a",0,0,,"false"
"2026-09-18T05:53:32Z",635,"Larsson","FUL","0.0","0.0","0.0","0.1",0,1,"0.0",50,161,99,2,24,"1.0","a",0,0,,"false"
"2026-09-18T05:53:32Z",636,"Ángel","FUL","0.0","0.0","0.0","0.0",0,0,"0.0",50,72,59,0,0,"0.0","a",0,0,,"false"
"2026-09-18T05:53:32Z",650,"Affengruber","FUL","0.2","0.2","0.3","0.4",1,6,"0.0",45,1843,406,8,90,"4.0","a",0,0,,"false"
"2026-09-18T05:53:32Z",240,"Iroegbunam","HUL","0.1","0.1","0.1","0.1",1,-1,"0.0",50,341,235,1,25,"0.2","a",0,0,,"false"
"2026-09-18T05:53:32Z",273,"Phillips","HUL","-21.5","-21.7","-22.1","-22.5",-2,-4,"1.4",40,4129,5359,0,0,"0.0","a",0,0,,"false"
"2026-09-18T05:53:32Z",274,"Butland","HUL","-86.9","-86.9","-86.9","-86.9",-3,0,"0.1",45,84,484,0,0,"0.0","i",0,0,,"false"
"2026-09-18T05:53:32Z",275,"Cartwright","HUL","0.0","0.0","0.0","0.0",0,0,"0.0",40,0,36,0,0,"0.0","u",0,0,,"false"
"2026-09-18T05:53:32Z",276,"Lo-Tutala","HUL","0.0","0.0","0.0","0.0",0,0,"0.0",40,0,115,0,0,"0.0","u",0,0,,"false"
"2026-09-18T05:53:32Z",277,"Egan","HUL","20.3","22.5","25.6","28.7",2,233,"6.9",41,90808,34894,25,360,"6.2","a",0,1,,"false"
"2026-09-18T05:53:32Z",278,"Hughes","HUL","2.9","2.9","2.9","2.9",1,1,"0.3",39,14151,4531,0,0,"0.0","i",-1,-1,,"false"
"2026-09-18T05:53:32Z",279,"Ajayi","HUL","56.6","61.7","68.7","75.8",3,530,"13.9",42,199536,70282,26,333,"6.5","a",0,2,,"false"
"2026-09-18T05:53:32Z",280,"Coyle","HUL","-6.7","-4.9","-2.6","-0.2",-1,12,"0.7",40,9476,3442,13,258,"3.2","a",0,0,,"false"
"2026-09-18T05:53:32Z",281,"Drameh","HUL","0.0","0.0","0.0","0.0",0,-4,"0.0",40,0,557,2,65,"0.5","u",0,0,,"false"
"2026-09-18T05:53:32Z",282,"Giles","HUL","53.0","56.6","61.8","66.9",3,387,"2.7",40,110398,17662,24,354,"6.0","a",0,0,,"false"
"2026-09-18T05:53:32Z",283,"Jacob","HUL","0.0","0.0","0.0","0.0",0,0,"0.0",40,0,78,0,0,"0.0","u",0,0,,"false"
"2026-09-18T05:53:32Z",284,"McCarthy","HUL","0.4","0.4","0.5","0.6",1,8,"0.1",40,1105,755,0,0,"0.0","a",0,0,,"false"
"2026-09-18T05:53:32Z",285,"McNair","HUL","-30.5","-30.5","-30.5","-30.5",-2,0,"0.1",40,565,715,1,26,"0.2","a",0,0,,"false"
"2026-09-18T05:53:32Z",286,"Belloumi","HUL","9.8","14.3","20.5","26.8",1,1278,"3.9",51,287757,25739,27,312,"6.8","a",1,1,,"false"
"2026-09-18T05:53:32Z",287,"Millar","HUL","0.0","0.0","0.0","0.0",0,-3,"0.0",50,0,838,6,50,"1.5","u",0,0,,"false"
"2026-09-18T05:53:32Z",288,"Dowell","HUL","-55.5","-57.7","-60.8","-63.9",-3,-7,"0.3",45,1307,3499,0,0,"0.0","a",0,0,,"false"
"2026-09-18T05:53:32Z",289,"Crooks","HUL","-95.2","-95.6","-96.2","-96.9",-4,-2,"0.5",45,3424,4568,3,158,"0.8","a",0,0,,"false"
"2026-09-18T05:53:32Z",290,"Slater","HUL","75.6","75.3","74.7","74.2",3,-40,"5.5",45,50827,47867,13,360,"3.2","a",0,0,,"false"
"2026-09-18T05:53:32Z",291,"Matazo","HUL","-6.6","-6.6","-6.6","-6.6",-1,0,"0.0",45,53,61,0,0,"0.0","i",0,0,,"false"
"2026-09-18T05:53:32Z",292,"Ömür","HUL","0.0","0.0","0.0","0.0",0,0,"0.0",49,253,271,0,0,"0.0","a",0,-1,,"false"
"2026-09-18T05:53:32Z",293,"Kamara","HUL","0.0","0.0","0.0","0.0",0,0,"0.0",50,0,19,0,0,"0.0","u",0,0,,"false"
"2026-09-18T05:53:32Z",294,"Zambrano","HUL","-0.7","0.0","0.0","0.1",0,2,"0.1",45,1097,940,0,0,"0.0","a",0,0,,"false"
"2026-09-18T05:53:32Z",295,"McBurnie","HUL","27.7","28.5","29.6","30.7",2,82,"2.0",55,27727,21224,12,351,"3.0","a",0,0,,"false"
"2026-09-18T05:53:32Z",296,"Akintola","HUL","0.0","0.0","0.0","0.0",0,-2,"0.0",50,0,1043,0,0,"0.0","u",0,0,,"false"
"2026-09-18T05:53:32Z",297,"Gyabi","HUL","-84.2","-86.6","-89.9","-93.2",-3,-1,"0.0",45,48,172,0,0,"0.0","i",0,0,,"false"
"2026-09-18T05:53:32Z",298,"Destan","HUL","0.0","0.0","0.0","0.0",0,-9,"0.2",45,0,2270,0,0,"0.0","u",0,0,,"false"
"2026-09-18T05:53:32Z",299,"Burstow","HUL","0.0","0.0","0.0","0.0",0,0,"0.0",45,0,298,0,0,"0.0","u",0,0,,"false"
"2026-09-18T05:53:32Z",340,"Gelhardt","HUL","0.0","0.0","0.0","0.0",0,0,"0.0",50,237,191,0,0,"0.0","a",0,0,,"false"
"2026-09-18T05:53:32Z",556,"Targett","HUL","-42.4","-44.8","-48.3","-51.7",-3,-82,"1.8",40,3616,13810,1,5,"0.2","d",0,0,,"false"
"2026-09-18T05:53:32Z",563,"Morita","HUL","-58.9","-58.9","-58.9","-58.9",-3,0,"0.0",50,20,372,1,45,"0.2","i",0,0,,"false"
"2026-09-18T05:53:32Z",572,"Tzolakis","HUL","71.4","74.0","77.7","81.3",3,277,"11.2",46,129099,44512,28,360,"7.0","a",0,1,,"false"
"2026-09-18T05:53:32Z",574,"Hjertø-Dahl","HUL","-32.2","-39.1","-48.8","-58.5",-2,-4,"0.1",49,256,638,1,8,"0.2","a",0,-1,,"false"
"2026-09-18T05:53:32Z",576,"Stroud","HUL","-25.7","-28.9","-33.4","-37.9",-2,-3,"0.1",50,547,704,7,249,"1.8","a",0,0,,"false"
"2026-09-18T05:53:32Z",585,"Herrington","HUL","-20.9","-20.2","-19.2","-18.3",-2,4,"0.6",40,2876,2892,4,107,"1.0","a",0,0,,"false"
"2026-09-18T05:53:32Z",586,"Mendy","HUL","-27.0","-32.1","-39.2","-46.3",-2,-979,"6.8",41,13028,124311,25,249,"6.2","i",0,1,,"false"
"2026-09-18T05:53:32Z",589,"Gourna-Douath","HUL","-46.2","-46.2","-46.2","-46.2",-3,0,"0.0",50,129,225,3,126,"0.8","a",0,0,,"false"
"2026-09-18T05:53:32Z",617,"Cho","HUL","0.1","0.1","0.1","0.1",1,1,"0.0",50,331,190,3,45,"1.0","a",0,0,,"false"
"2026-09-18T05:53:32Z",632,"Ansah","HUL","-18.2","-24.7","-33.8","-42.9",-2,-5,"0.0",50,114,1118,0,0,"0.0","i",0,0,,"false"
"2026-09-18T05:53:32Z",637,"Vaz","HUL","0.5","0.6","0.7","0.8",1,9,"0.1",50,4604,1350,1,8,"0.5","a",0,0,,"false"
"2026-09-18T05:53:32Z",638,"Norton-Cuffy","HUL","0.0","0.1","0.2","0.3",1,9,"0.3",40,4361,3093,1,34,"0.5","a",0,0,,"false"
"2026-09-18T05:53:32Z",642,"Thomas","HUL","0.1","0.1","0.2","0.2",1,2,"0.0",55,1078,424,2,57,"1.0","a",0,0,,"false"
"2026-09-18T05:53:32Z",645,"Mouzakitis","HUL","0.0","0.0","-22.2","-45.3",0,-1,"0.0",50,185,95,0,0,"0.0","a",0,0,,"false"
"2026-09-18T05:53:32Z",259,"Diop","IPS","-36.3","-37.8","-39.8","-41.9",-2,-198,"13.4",40,15725,83739,8,360,"2.0","a",0,0,,"false"
"2026-09-18T05:53:32Z",267,"Lukić","IPS","-83.9","-86.2","-89.4","-92.6",-3,-2,"0.1",50,332,1000,9,328,"2.2","a",0,0,,"false"
"2026-09-18T05:53:32Z",300,"Walton","IPS","-8.8","-10.3","-12.4","-14.6",-1,-6,"0.4",44,655,1670,0,0,"0.0","a",0,-1,,"false"
"2026-09-18T05:53:32Z",301,"Palmer","IPS","-18.2","-18.9","-19.7","-20.6",-1,-25,"4.0",40,7281,15794,0,0,"0.0","a",0,0,,"false"
"2026-09-18T05:53:32Z",302,"Button","IPS","1.1","1.0","1.0","0.9",1,-5,"0.6",40,2157,1812,0,0,"0.0","a",0,0,,"false"
"2026-09-18T05:53:32Z",303,"Kipré","IPS","8.9","9.5","10.3","11.0",1,59,"1.0",39,35080,7658,0,0,"0.0","a",-1,-1,,"false"
"2026-09-18T05:53:32Z",304,"O'Shea","IPS","-24.4","-25.3","-26.6","-27.9",-2,-27,"2.8",40,5366,15555,8,360,"2.0","a",0,0,,"false"
"2026-09-18T05:53:32Z",305,"Davis","IPS","48.3","52.2","57.7","63.1",3,409,"6.6",40,161607,26480,23,360,"5.8","a",0,0,,"false"
"2026-09-18T05:53:32Z",306,"Greaves","IPS","-64.8","-67.4","-71.0","-74.6",-3,-30,"1.1",40,1122,5200,3,357,"0.8","a",0,0,,"false"
"2026-09-18T05:53:32Z",307,"Johnson","IPS","0.0","0.0","0.0","0.0",0,-4,"0.1",40,0,924,0,0,"0.0","u",0,0,,"false"
"2026-09-18T05:53:32Z",308,"Furlong","IPS","0.2","1.2","2.4","3.7",1,97,"0.5",39,1333,2488,1,17,"0.2","a",-1,-1,,"false"
"2026-09-18T05:53:32Z",309,"Núñez","IPS","-9.8","-11.9","-14.8","-17.8",-1,-4,"0.1",49,270,1401,6,140,"1.5","a",-1,-1,,"false"
"2026-09-18T05:53:32Z",310,"Matusiwa","IPS","0.0","0.0","0.0","0.0",0,0,"0.0",49,43,31,0,0,"0.0","a",0,-1,"2026-09-19T14:00:09.742968Z","false"
"2026-09-18T05:53:32Z",311,"Burns","IPS","0.0","0.0","0.0","0.0",0,0,"0.0",50,0,20,0,0,"0.0","u",0,0,,"false"
"2026-09-18T05:53:32Z",312,"Taylor","IPS","-94.0","-94.0","-94.0","-94.0",-3,0,"0.0",45,72,289,0,0,"0.0","i",0,0,,"false"
"2026-09-18T05:53:32Z",313,"Clarke","IPS","-41.8","-43.9","-46.9","-49.8",-3,-4,"0.2",54,393,2185,9,105,"2.2","a",0,-1,,"false"
"2026-09-18T05:53:32Z",314,"Ogbene","IPS","0.0","0.0","0.0","0.0",0,0,"0.0",49,0,125,0,0,"0.0","u",0,-1,,"false"
"2026-09-18T05:53:32Z",315,"Fatawu","IPS","-0.9","-5.4","-11.6","-17.9",-1,-14,"0.2",54,473,2056,9,286,"2.2","a",-1,-1,,"false"
"2026-09-18T05:53:32Z",316,"Emersonn","IPS","58.4","63.7","71.1","78.5",3,557,"3.0",55,125287,20652,24,237,"6.0","a",0,0,,"false"
"2026-09-18T05:53:32Z",317,"Hirst","IPS","0.0","0.0","0.0","0.0",0,-9,"0.1",50,0,999,0,0,"0.0","u",0,0,,"false"
"2026-09-18T05:53:32Z",318,"Philogene","IPS","0.0","0.0","0.0","0.0",0,0,"0.1",54,76,300,1,28,"0.2","a",0,-1,"2026-09-19T14:00:09.771450Z","false"
"2026-09-18T05:53:32Z",319,"Szmodics","IPS","0.0","0.0","0.0","0.0",0,0,"0.0",50,0,47,0,0,"0.0","u",0,0,,"false"
"2026-09-18T05:53:32Z",320,"Akpom","IPS","23.7","23.6","23.5","23.4",2,-8,"1.2",50,17565,16959,6,69,"1.5","a",0,0,,"false"
"2026-09-18T05:53:32Z",321,"Walle Egeli","IPS","38.7","38.4","37.9","37.5",2,-33,"3.7",45,48851,36866,1,10,"0.2","a",0,0,,"false"
"2026-09-18T05:53:32Z",322,"Al-Hamadi","IPS","0.0","0.0","0.0","0.0",0,-3,"0.1",50,0,752,0,0,"0.0","u",0,0,,"false"
"2026-09-18T05:53:32Z",323,"McAteer","IPS","-67.7","-71.6","-77.1","-82.5",-3,-43,"1.1",45,1928,10643,3,42,"0.8","a",0,0,,"false"
"2026-09-18T05:53:32Z",324,"Mehmeti","IPS","-86.8","-86.8","-86.8","-86.8",-3,0,"0.0",49,57,260,0,0,"0.0","a",0,-1,,"false"
"2026-09-18T05:53:32Z",554,"Van Oevelen","IPS","0.0","0.0","0.0","0.0",0,0,"0.0",45,0,197,0,0,"0.0","u",0,0,,"false"
"2026-09-18T05:53:32Z",562,"Maeda","IPS","-67.9","-76.0","-87.4","-98.7",-3,-20,"0.2",54,193,3123,7,243,"1.8","a",0,-1,,"false"
"2026-09-18T05:53:32Z",564,"Scherpen","IPS","-20.7","-20.7","-20.9","-21.0",-2,-1,"0.6",45,2036,3135,7,360,"1.8","a",0,0,,"false"
"2026-09-18T05:53:32Z",571,"Florentino","IPS","-68.1","-72.9","-79.6","-86.4",-3,-4,"0.1",49,152,612,1,13,"0.2","a",0,-1,,"false"
"2026-09-18T05:53:32Z",591,"Enciso","IPS","10.0","9.6","8.9","8.3",1,-46,"0.8",55,6806,11481,13,340,"3.2","a",0,0,,"false"
"2026-09-18T05:53:32Z",592,"Ouattara","IPS","-19.8","-20.2","-20.8","-21.5",-2,-4,"0.9",40,2153,4195,4,41,"1.0","a",0,0,,"false"
"2026-09-18T05:53:32Z",602,"Humphreys","IPS","0.0","0.0","0.0","0.0",0,-2,"0.0",45,0,430,0,0,"0.0","u",0,0,,"false"
"2026-09-18T05:53:32Z",619,"Palacios","IPS","0.8","0.9","1.0","1.2",1,11,"0.1",50,3442,1030,9,195,"3.0","a",0,0,,"false"
"2026-09-18T05:53:32Z",640,"Flemming","IPS","0.3","0.4","0.5","0.7",1,12,"0.1",55,3279,971,6,51,"3.0","a",0,0,,"false"
"2026-09-18T05:53:32Z",260,"Wilson","LEE","-1.9","-8.5","-17.8","-27.0",-1,-265,"2.3",62,3057,48223,5,145,"1.2","a",-1,-3,,"false"
"2026-09-18T05:53:32Z",326,"Perri","LEE","0.0","0.0","0.0","0.0",0,-17,"0.3",45,0,2718,0,0,"0.0","u",0,0,,"false"
"2026-09-18T05:53:32Z",327,"Bijol","LEE","7.3","6.9","6.4","5.9",1,-39,"0.8",50,3050,10422,12,164,"3.0","a",0,0,,"false"
"2026-09-18T05:53:32Z",329,"Rodon","LEE","-73.9","-79.8","-88.1","-96.3",-3,-158,"1.0",44,50,22241,7,123,"1.8","i",0,-1,,"false"
"2026-09-18T05:53:32Z",330,"Bogle","LEE","2.2","10.6","22.3","33.9",1,2381,"5.0",46,262594,18076,37,299,"9.2","a",1,1,,"false"
"2026-09-18T05:53:32Z",331,"Gudmundsson","LEE","0.5","0.6","0.6","0.7",1,4,"0.1",45,1167,419,8,162,"2.0","a",0,0,,"false"
"2026-09-18T05:53:32Z",332,"Justin","LEE","16.1","16.3","16.6","17.0",1,25,"1.5",45,6551,9327,18,360,"4.5","a",0,0,,"false"
"2026-09-18T05:53:32Z",333,"Bornauw","LEE","0.0","0.0","0.0","0.0",0,0,"0.0",45,0,16,0,0,"0.0","u",0,0,,"false"
"2026-09-18T05:53:32Z",334,"Muharemović","LEE","26.8","29.1","32.4","35.7",2,246,"4.2",50,47343,19623,21,360,"5.2","a",0,0,,"false"
"2026-09-18T05:53:32Z",335,"Stach","LEE","20.0","19.9","19.8","19.6",1,-9,"2.7",60,16897,25597,22,357,"5.5","a",0,0,,"false"
"2026-09-18T05:53:32Z",336,"Okafor","LEE","4.4","5.3","6.5","7.8",1,92,"0.4",58,12752,3815,15,224,"3.8","a",-1,-2,,"false"
"2026-09-18T05:53:32Z",337,"Aaronson","LEE","-64.8","-72.3","-82.8","-93.3",-3,-40,"0.5",54,697,6335,6,172,"1.5","a",0,-1,,"false"
"2026-09-18T05:53:32Z",338,"Ampadu","LEE","-12.4","-12.8","-13.4","-13.9",-1,-4,"1.0",54,4138,7727,16,360,"4.0","a",0,-1,,"false"
"2026-09-18T05:53:32Z",339,"Longstaff","LEE","-45.7","-54.0","-65.7","-77.3",-3,-8,"0.1",49,372,1119,2,10,"0.5","a",0,-1,,"false"
"2026-09-18T05:53:32Z",341,"Gnonto","LEE","0.0","0.0","0.0","0.0",0,0,"0.0",50,0,151,0,0,"0.0","u",0,0,,"false"
"2026-09-18T05:53:32Z",342,"Harrison","LEE","0.0","0.0","0.0","0.0",0,0,"0.0",50,0,10,0,0,"0.0","u",0,0,,"false"
"2026-09-18T05:53:32Z",343,"James","LEE","-10.3","-10.3","-10.3","-10.3",-1,0,"0.1",49,584,1116,2,29,"0.5","a",-1,-1,,"false"
"2026-09-18T05:53:32Z",344,"Gruev","LEE","-52.0","-52.0","-52.0","-52.0",-3,0,"0.0",50,11,32,0,0,"0.0","d",0,0,,"false"
"2026-09-18T05:53:32Z",345,"Tanaka","LEE","3.3","3.9","4.7","5.5",1,62,"0.3",49,7362,2567,12,188,"3.0","a",0,-1,,"false"
"2026-09-18T05:53:32Z",346,"Calvert-Lewin","LEE","-10.0","8.3","52.6","97.0",1,3339,"24.4",60,318456,117270,20,329,"5.0","a",0,0,,"false"
"2026-09-18T05:53:32Z",347,"Nmecha","LEE","-1.2","-3.0","-5.5","-7.9",-1,-9,"0.5",54,4899,5817,6,50,"1.5","a",0,-1,,"false"
"2026-09-18T05:53:32Z",348,"Piroe","LEE","0.0","0.0","0.0","0.0",0,-4,"0.1",50,0,801,0,0,"0.0","u",0,0,,"false"
"2026-09-18T05:53:32Z",349,"Mateo Joseph","LEE","-31.4","-31.4","-31.4","-31.4",-2,0,"0.1",45,571,615,0,0,"0.0","i",0,0,,"false"
"2026-09-18T05:53:32Z",385,"Trafford","LEE","27.1","27.4","27.8","28.3",2,34,"5.5",50,24051,26120,18,360,"4.5","a",0,0,,"false"
"2026-09-18T05:53:32Z",598,"Elvedi","LEE","0.4","0.4","0.5","0.5",1,3,"0.0",45,618,357,7,236,"1.8","a",0,0,,"false"
"2026-09-18T05:53:32Z",603,"Lienou","LEE","0.2","0.2","0.3","0.3",1,2,"0.1",40,1025,827,0,0,"0.0","a",0,0,,"false"
"2026-09-18T05:53:32Z",604,"Cresswell","LEE","0.2","0.2","0.3","0.3",1,3,"0.1",45,1153,1600,0,0,"0.0","a",0,0,,"false"
"2026-09-18T05:53:32Z",625,"Cairns","LEE","0.4","0.4","0.4","0.5",1,3,"0.2",40,2885,1201,0,0,"0.0","a",0,0,,"false"
"2026-09-18T05:53:32Z",629,"Zetterer","LEE","1.7","1.9","2.0","2.2",1,13,"0.7",40,15794,4093,0,0,"0.0","a",0,0,,"false"
"2026-09-18T05:53:32Z",641,"Bard","LEE","0.0","0.0","0.0","0.0",0,0,"0.0",45,307,121,1,18,"0.5","a",0,0,,"false"
"2026-09-18T05:53:32Z",648,"Bahoya","LEE","-5.5","-14.0","-25.8","-37.7",-1,-1,"0.0",50,316,333,0,0,"0.0","a",0,0,,"false"
"2026-09-18T05:53:32Z",350,"A.Becker","LIV","2.3","1.9","1.3","0.7",1,-42,"3.9",55,16910,18784,19,360,"4.8","a",0,0,,"false"
"2026-09-18T05:53:32Z",351,"Mamardashvili","LIV","-72.7","-73.6","-74.9","-76.2",-3,-1,"0.1",49,377,1140,0,0,"0.0","a",0,-1,,"false"
"2026-09-18T05:53:32Z",352,"Woodman","LIV","-21.0","-21.4","-21.9","-22.4",-2,-4,"1.0",40,2120,3695,0,0,"0.0","a",0,0,,"false"
"2026-09-18T05:53:32Z",353,"Pecsi","LIV","0.0","0.0","0.0","0.0",0,0,"0.0",40,0,90,0,0,"0.0","u",0,0,,"false"
"2026-09-18T05:53:32Z",354,"Jaros","LIV","0.0","0.0","0.0","0.0",0,0,"0.0",40,183,113,0,0,"0.0","i",0,0,,"false"
"2026-09-18T05:53:32Z",355,"Davies","LIV","0.1","0.1","0.1","0.1",1,0,"0.2",40,717,663,0,0,"0.0","a",0,0,,"false"
"2026-09-18T05:53:32Z",356,"Virgil","LIV","-46.2","-47.4","-48.9","-50.5",-3,-189,"16.5",65,29842,68589,17,360,"4.2","a",0,0,,"false"
"2026-09-18T05:53:32Z",357,"Frimpong","LIV","-1.4","-5.7","-11.8","-17.8",-1,-144,"1.9",53,2557,33173,2,178,"0.5","a",-1,-2,,"false"
"2026-09-18T05:53:32Z",358,"Kerkez","LIV","-60.7","-66.2","-73.9","-81.6",-3,-132,"2.4",54,2292,33581,7,295,"1.8","a",0,-1,,"false"
"2026-09-18T05:53:32Z",359,"Gomez","LIV","0.0","0.0","0.0","0.0",0,0,"0.0",49,128,98,0,0,"0.0","a",-1,-1,"2026-09-22T14:30:07.295674Z","false"
"2026-09-18T05:53:32Z",360,"Bradley","LIV","-73.0","-73.0","-73.0","-73.0",-3,0,"0.0",50,48,97,0,0,"0.0","i",0,0,,"false"
"2026-09-18T05:53:32Z",361,"Lucky","LIV","-33.9","-36.3","-39.7","-43.1",-2,-3,"0.1",40,632,967,0,0,"0.0","a",0,0,,"false"
"2026-09-18T05:53:32Z",362,"Jacquet","LIV","39.2","40.6","42.5","44.4",3,143,"3.2",50,59051,14723,18,325,"4.5","a",0,0,,"false"
"2026-09-18T05:53:32Z",363,"Leoni","LIV","-45.2","-45.2","-45.2","-45.2",-3,0,"0.0",40,106,282,0,0,"0.0","i",0,0,,"false"
"2026-09-18T05:53:32Z",364,"Tsimikas","LIV","-23.4","-25.0","-27.3","-29.6",-2,-1,"0.1",49,270,550,2,64,"0.5","a",0,-1,,"false"
"2026-09-18T05:53:32Z",365,"Ramsay","LIV","0.0","0.0","0.0","0.0",0,-5,"0.1",40,0,957,0,0,"0.0","u",0,0,,"false"
"2026-09-18T05:53:32Z",366,"Wirtz","LIV","-2.0","-8.6","-17.7","-26.9",-1,-732,"6.5",73,4513,132993,12,332,"3.0","a",-1,-2,,"false"
"2026-09-18T05:53:32Z",367,"Gakpo","LIV","6.1","10.4","16.4","22.4",1,453,"12.5",72,127805,131797,29,280,"7.2","a",0,2,,"false"
"2026-09-18T05:53:32Z",368,"Szoboszlai","LIV","-53.4","-56.8","-61.6","-66.4",-3,-1209,"35.2",70,69003,377379,18,360,"4.5","a",0,0,,"false"
"2026-09-18T05:53:32Z",369,"Ngumoha","LIV","-90.5","-98.6","-110.0","-121.3",-4,-41,"0.5",58,1449,8615,4,99,"1.0","a",0,-2,,"false"
"2026-09-18T05:53:32Z",370,"Chiesa","LIV","-93.8","-95.6","-98.1","-100.5",-4,-2,"0.0",54,16,564,0,0,"0.0","i",0,-1,,"false"
"2026-09-18T05:53:32Z",371,"Gravenberch","LIV","-88.0","-93.4","-100.9","-108.4",-3,-64,"1.2",59,3116,18616,8,181,"2.0","a",0,-1,,"false"
"2026-09-18T05:53:32Z",372,"Mac Allister","LIV","-24.1","-25.4","-27.3","-29.2",-2,-18,"1.3",54,9133,15827,6,216,"1.5","a",0,-1,,"false"
"2026-09-18T05:53:32Z",373,"C.Jones","LIV","0.0","0.0","0.0","0.0",0,0,"0.0",55,0,127,0,0,"0.0","u",0,0,,"false"
"2026-09-18T05:53:32Z",374,"Endo","LIV","-28.7","-28.7","-28.7","-28.7",-2,0,"0.1",49,314,723,0,0,"0.0","a",0,-1,,"false"
"2026-09-18T05:53:32Z",375,"Nyoni","LIV","-43.7","-43.7","-43.7","-43.7",-3,0,"0.0",49,150,451,2,19,"0.5","a",0,-1,,"false"
"2026-09-18T05:53:32Z",376,"Bajcetic","LIV","0.0","0.0","0.0","0.0",0,0,"0.0",50,0,8,0,0,"0.0","u",0,0,,"false"
"2026-09-18T05:53:32Z",377,"Munoz","LIV","13.0","12.2","10.9","9.7",1,-93,"1.0",65,4635,23948,14,239,"3.5","a",0,0,,"false"
"2026-09-18T05:53:32Z",378,"McConnell","LIV","0.3","0.4","0.5","0.6",1,8,"0.2",44,2225,2099,0,0,"0.0","a",-1,-1,,"false"
"2026-09-18T05:53:32Z",379,"Isak","LIV","-5.0","-6.3","-8.2","-10.0",-1,-137,"21.9",91,99123,187941,25,333,"6.2","a",0,1,,"false"
"2026-09-18T05:53:32Z",380,"Ekitiké","LIV","-15.3","-15.3","-15.3","-15.3",-1,0,"0.1",74,343,1050,0,0,"0.0","i",0,-1,,"false"
"2026-09-18T05:53:32Z",381,"Koumas","LIV","-82.1","-86.4","-92.4","-98.4",-3,-1,"0.0",50,167,247,2,13,"0.5","a",0,0,,"false"
"2026-09-18T05:53:32Z",382,"Danns","LIV","2.2","2.3","2.4","2.5",1,8,"0.2",45,7490,2642,0,0,"0.0","a",0,0,,"false"
"2026-09-18T05:53:32Z",383,"Elliott","LIV","0.0","0.0","0.0","0.0",0,-4,"0.0",54,0,512,0,0,"0.0","u",0,-1,,"false"
"2026-09-18T05:53:32Z",579,"Araujo","LIV","26.3","26.7","27.3","27.9",2,45,"2.9",54,31755,13780,15,194,"3.8","a",0,-1,,"false"
"2026-09-18T05:53:32Z",627,"Barcola","LIV","-24.5","-31.1","-40.4","-49.7",-2,-129,"1.9",80,20191,36222,4,97,"2.0","a",0,0,,"false"
"2026-09-18T05:53:32Z",155,"Enzo","MCI","-28.2","-25.2","-20.9","-16.7",-2,104,"3.4",69,43002,26063,6,181,"1.5","a",0,-1,,"false"
"2026-09-18T05:53:32Z",237,"Ndiaye","MCI","-100.7","-107.7","-117.6","-127.5",-5,-543,"7.6",59,31363,143679,17,311,"4.2","a",0,-1,,"false"
"2026-09-18T05:53:32Z",384,"Donnarumma","MCI","-40.7","-39.2","-37.0","-34.8",-2,123,"7.8",55,41052,34458,17,360,"4.2","a",0,0,,"false"
"2026-09-18T05:53:32Z",386,"Bettinelli","MCI","-70.5","-70.5","-70.5","-70.5",-3,0,"0.0",45,68,160,0,0,"0.0","a",0,0,,"false"
"2026-09-18T05:53:32Z",387,"O'Reilly","MCI","-57.8","-63.3","-71.0","-78.7",-3,-666,"12.0",64,10177,139463,5,158,"1.2","a",0,-1,,"false"
"2026-09-18T05:53:32Z",388,"Guéhi","MCI","61.5","63.3","65.7","68.1",3,181,"18.5",60,67657,58568,26,360,"6.5","a",0,0,,"false"
"2026-09-18T05:53:32Z",389,"Matheus N.","MCI","-29.7","-27.1","-23.4","-19.8",-2,26,"1.0",59,5458,3330,10,123,"2.5","a",0,-1,,"false"
"2026-09-18T05:53:32Z",390,"Rúben","MCI","3.5","4.0","4.8","5.6",1,60,"1.9",55,16858,8758,16,360,"4.0","a",0,0,,"false"
"2026-09-18T05:53:32Z",391,"Gvardiol","MCI","40.2","48.9","61.0","73.2",3,2478,"24.8",57,430498,31863,33,344,"8.2","a",1,2,,"false"
"2026-09-18T05:53:32Z",392,"Aït-Nouri","MCI","-55.5","-59.8","-65.9","-71.9",-3,-19,"0.4",53,1099,5033,0,0,"0.0","a",0,-2,,"false"
"2026-09-18T05:53:32Z",393,"Khusanov","MCI","-5.6","-8.2","-12.0","-15.8",-1,-67,"1.4",54,2814,15530,9,268,"2.2","a",-1,-1,,"false"
"2026-09-18T05:53:32Z",394,"Alleyne","MCI","0.0","0.0","0.0","0.0",0,0,"0.0",50,0,30,0,0,"0.0","u",0,0,,"false"
"2026-09-18T05:53:32Z",395,"Lewis","MCI","-28.8","-31.9","-36.3","-40.6",-2,-6,"0.2",44,966,2225,1,56,"0.2","a",0,-1,,"false"
"2026-09-18T05:53:32Z",396,"Vitor Reis","MCI","-69.3","-69.3","-69.3","-69.3",-3,0,"0.0",45,133,217,1,1,"0.2","a",0,0,,"false"
"2026-09-18T05:53:32Z",397,"Semenyo","MCI","-42.5","-45.3","-49.2","-53.1",-3,-424,"15.1",84,27267,132229,16,360,"4.0","a",0,-1,,"false"
"2026-09-18T05:53:32Z",398,"Foden","MCI","-2.6","-11.0","-22.7","-34.4",-1,-1006,"2.5",69,2022,149710,9,217,"2.2","s",-1,-1,,"false"
"2026-09-18T05:53:32Z",399,"Cherki","MCI","-60.9","-62.6","-64.9","-67.3",-3,-176,"28.1",78,115645,227815,26,218,"6.5","a",0,3,,"false"
"2026-09-18T05:53:32Z",400,"Doku","MCI","-77.1","-78.2","-79.8","-81.4",-3,-22,"0.7",74,205,5925,0,0,"0.0","i",0,-1,,"false"
"2026-09-18T05:53:32Z",402,"Rodrigo","MCI","0.0","0.0","0.0","0.0",0,-1,"0.0",65,0,46,0,0,"0.0","u",0,0,,"false"
"2026-09-18T05:53:32Z",404,"Reijnders","MCI","0.0","0.0","0.0","0.0",0,0,"0.0",60,0,199,0,0,"0.0","u",0,0,,"false"
"2026-09-18T05:53:32Z",406,"Kovačić","MCI","-53.7","-60.8","-70.8","-80.7",-3,-6,"0.1",54,212,809,2,42,"0.5","a",0,-1,,"false"
"2026-09-18T05:53:32Z",407,"Echeverri","MCI","0.0","0.0","0.0","0.0",0,-1,"0.0",49,0,117,0,0,"0.0","u",0,-1,,"false"
"2026-09-18T05:53:32Z",408,"Phillips","MCI","0.0","0.0","0.0","0.0",0,0,"0.0",50,0,32,0,0,"0.0","u",0,0,,"false"
"2026-09-18T05:53:32Z",409,"Mukasa","MCI","0.0","0.0","0.0","0.0",0,-2,"0.1",45,0,1365,0,0,"0.0","u",0,0,,"false"
"2026-09-18T05:53:32Z",410,"Monga","MCI","0.0","0.0","0.0","0.0",0,0,"0.0",49,0,103,0,0,"0.0","u",0,-1,,"false"
"2026-09-18T05:53:32Z",411,"Haaland","MCI","0.6","2.7","5.6","8.5",1,588,"72.9",156,144877,20524,33,360,"8.2","a",1,1,,"false"
"2026-09-18T05:53:32Z",481,"Anderson","MCI","-15.3","-15.2","-15.1","-14.9",-1,4,"4.2",63,23945,29743,13,323,"3.2","a",0,-2,,"false"
"2026-09-18T05:53:32Z",587,"Rulli","MCI","-76.7","-76.7","-76.7","-76.7",-3,0,"0.0",50,136,165,0,0,"0.0","a",0,0,,"false"
"2026-09-18T05:53:32Z",616,"Bouaddi","MCI","0.2","0.2","0.2","0.2",1,0,"0.2",55,2497,3371,2,22,"0.7","a",0,0,,"false"
"2026-09-18T05:53:32Z",621,"McAidoo","MCI","-30.2","-28.4","-25.8","-23.3",-2,2,"0.1",45,805,1660,2,11,"0.7","a",0,0,,"false"
"2026-09-18T05:53:32Z",622,"Braithwaite","MCI","-2.1","-4.4","-7.6","-10.7",-1,-4,"0.2",40,2020,2315,1,1,"0.3","a",0,0,,"false"
"2026-09-18T05:53:32Z",628,"Allan","MCI","0.0","0.0","0.1","0.1",0,2,"0.0",60,264,202,0,0,"0.0","a",0,0,,"false"
"2026-09-18T05:53:32Z",653,"Samba","MCI","0.0","0.0","0.0","0.0",0,0,"0.0",45,553,783,0,0,"0.0","a",0,0,"2026-09-18T19:49:28.106817Z","false"
"2026-09-18T05:53:32Z",43,"Tielemans","MUN","-9.4","-11.9","-15.5","-19.1",-1,-70,"1.6",58,6950,19844,10,312,"2.5","a",-1,-2,,"false"
"2026-09-18T05:53:32Z",131,"Baleba","MUN","-4.0","-5.4","-7.4","-9.4",-1,-8,"0.1",49,526,1440,0,0,"0.0","i",-1,-1,,"false"
"2026-09-18T05:53:32Z",162,"Andrey Santos","MUN","-17.3","-20.3","-24.5","-28.7",-2,-32,"0.6",48,2444,10123,4,82,"1.0","a",-1,-2,,"false"
"2026-09-18T05:53:32Z",325,"Darlow","MUN","-17.7","-17.7","-17.7","-17.7",-1,0,"0.0",45,141,265,0,0,"0.0","a",0,0,,"false"
"2026-09-18T05:53:32Z",412,"Lammens","MUN","-10.4","-11.7","-13.5","-15.3",-1,-234,"10.5",49,11755,93090,7,360,"1.8","a",-1,-1,,"false"
"2026-09-18T05:53:32Z",413,"Bayindir","MUN","0.0","0.0","0.0","0.0",0,0,"0.0",45,0,88,0,0,"0.0","u",0,0,,"false"
"2026-09-18T05:53:32Z",414,"Heaton","MUN","-28.7","-28.7","-28.7","-28.7",-2,0,"0.1",40,286,368,0,0,"0.0","i",0,0,,"false"
"2026-09-18T05:53:32Z",415,"Dorgu","MUN","-50.0","-55.9","-64.3","-72.7",-3,-34,"0.6",58,2496,6996,6,165,"1.5","a",0,-2,,"false"
"2026-09-18T05:53:32Z",416,"De Ligt","MUN","-82.1","-82.1","-82.1","-82.1",-3,0,"0.0",50,67,175,0,0,"0.0","i",0,0,,"false"
"2026-09-18T05:53:32Z",417,"Dalot","MUN","-41.8","-45.4","-50.4","-55.4",-3,-62,"1.7",49,3119,14959,6,256,"1.5","a",0,-1,,"false"
"2026-09-18T05:53:32Z",418,"Maguire","MUN","-53.9","-59.7","-67.9","-76.1",-3,-574,"9.7",49,11756,105761,8,360,"2.0","a",0,-1,,"false"
"2026-09-18T05:53:32Z",419,"Martinez","MUN","-75.4","-76.5","-77.9","-79.4",-3,-14,"1.3",50,9233,7635,6,270,"1.5","a",0,0,,"false"
"2026-09-18T05:53:32Z",420,"Yoro","MUN","-100.0","-102.3","-105.6","-108.8",-5,-11,"0.5",49,555,4072,2,22,"0.5","a",0,-1,,"false"
"2026-09-18T05:53:32Z",421,"Heaven","MUN","-56.3","-58.4","-61.2","-64.0",-3,-6,"0.3",44,525,2886,1,90,"0.2","a",0,-1,,"false"
"2026-09-18T05:53:32Z",422,"Mazraoui","MUN","-37.0","-40.1","-44.5","-48.8",-3,-17,"0.5",44,2198,6470,3,97,"0.8","a",0,-1,,"false"
"2026-09-18T05:53:32Z",423,"Shaw","MUN","-72.8","-81.2","-93.0","-104.9",-3,-1486,"9.4",44,2016,238864,7,252,"1.8","d",0,-1,,"false"
"2026-09-18T05:53:32Z",424,"Amass","MUN","-31.4","-31.4","-31.4","-31.4",-2,0,"0.2",40,1161,1394,0,0,"0.0","a",0,0,,"false"
"2026-09-18T05:53:32Z",425,"Fredricson","MUN","0.0","0.0","0.0","0.0",0,0,"0.0",40,0,97,0,0,"0.0","u",0,0,,"false"
"2026-09-18T05:53:32Z",426,"B.Fernandes","MUN","-79.2","-81.6","-84.9","-88.2",-3,-976,"40.8",120,55258,244198,29,360,"7.2","a",0,0,,"false"
"2026-09-18T05:53:32Z",427,"Mbeumo","MUN","-37.3","-41.4","-47.1","-52.8",-3,-917,"22.2",79,72935,207532,23,360,"5.8","a",0,-1,,"false"
"2026-09-18T05:53:32Z",428,"Cunha","MUN","-68.4","-73.3","-80.2","-87.1",-3,-294,"5.9",79,9560,65552,16,317,"4.0","a",0,-1,,"false"
"2026-09-18T05:53:32Z",429,"Rashford","MUN","-75.5","-78.1","-81.6","-85.1",-3,-41,"1.6",70,15298,17796,8,275,"2.0","a",0,0,,"false"
"2026-09-18T05:53:32Z",430,"Mount","MUN","0.1","0.1","0.1","0.2",1,3,"0.0",54,301,238,0,0,"0.0","a",0,-1,,"false"
"2026-09-18T05:53:32Z",431,"Amad","MUN","-3.9","-5.4","-7.6","-9.8",-1,-24,"0.3",57,63,4446,0,0,"0.0","i",-1,-3,,"false"
"2026-09-18T05:53:32Z",432,"Mainoo","MUN","14.9","15.6","16.7","17.7",1,79,"1.6",55,28583,10605,18,275,"4.5","a",0,0,,"false"
"2026-09-18T05:53:32Z",433,"Ugarte","MUN","-62.6","-62.6","-62.6","-62.6",-3,0,"0.0",50,14,34,0,0,"0.0","i",0,0,,"false"
"2026-09-18T05:53:32Z",434,"J.Fletcher","MUN","-25.6","-25.6","-25.6","-25.6",-2,0,"0.0",49,47,104,0,0,"0.0","a",0,-1,,"false"
"2026-09-18T05:53:32Z",435,"Lacey","MUN","-17.7","-16.7","-15.4","-14.1",-1,1,"0.1",49,346,475,1,10,"0.2","a",0,-1,,"false"
"2026-09-18T05:53:32Z",436,"Collyer","MUN","0.0","0.0","0.0","0.0",0,0,"0.0",50,0,119,0,0,"0.0","u",0,0,,"false"
"2026-09-18T05:53:32Z",437,"Bendito Mantato","MUN","-77.2","-76.5","-75.6","-74.6",-3,1,"0.2",45,546,1435,0,0,"0.0","a",0,0,,"false"
"2026-09-18T05:53:32Z",438,"Fletcher","MUN","0.3","0.4","0.4","0.5",1,7,"0.3",44,2269,2580,0,0,"0.0","a",-1,-1,,"false"
"2026-09-18T05:53:32Z",439,"Šeško","MUN","-16.3","-16.3","-16.3","-16.4",-1,-1,"1.8",70,19399,18600,8,76,"2.0","a",0,0,,"false"
"2026-09-18T05:53:32Z",440,"Zirkzee","MUN","-95.7","-100.2","-106.4","-112.6",-5,-18,"0.4",54,2212,4839,1,7,"0.2","a",0,-1,,"false"
"2026-09-18T05:53:32Z",441,"Obi","MUN","0.0","0.0","0.0","0.0",0,-71,"1.1",45,5061,17308,0,0,"0.0","u",0,0,,"false"
"2026-09-18T05:53:32Z",405,"N.Gonzalez","NEW","2.1","1.8","1.4","1.0",1,-30,"0.2",55,1095,4977,5,164,"1.2","i",0,0,,"false"
"2026-09-18T05:53:32Z",442,"Pope","NEW","-24.7","-26.1","-28.1","-30.1",-2,-14,"1.0",49,1464,5920,0,0,"0.0","a",0,-1,,"false"
"2026-09-18T05:53:32Z",443,"Gillespie","NEW","-30.1","-30.1","-30.1","-30.1",-2,0,"0.0",45,153,182,0,0,"0.0","a",0,0,,"false"
"2026-09-18T05:53:32Z",444,"Jaouen","NEW","-94.3","-94.3","-94.3","-94.3",-3,0,"0.0",45,22,214,0,0,"0.0","d",0,0,,"false"
"2026-09-18T05:53:32Z",445,"Thiaw","NEW","14.7","15.1","15.7","16.3",1,45,"2.2",50,20064,19666,10,360,"2.5","a",0,0,,"false"
"2026-09-18T05:53:32Z",446,"Schär","NEW","-4.2","-7.8","-12.8","-17.9",-1,-13,"0.2",49,940,2015,1,1,"0.2","a",-1,-1,,"false"
"2026-09-18T05:53:32Z",447,"Botman","NEW","7.0","7.4","7.9","8.3",1,36,"0.7",50,5552,5254,11,360,"2.8","a",0,0,,"false"
"2026-09-18T05:53:32Z",448,"Burn","NEW","-81.7","-82.8","-84.4","-86.0",-3,-26,"0.8",49,154,9473,0,0,"0.0","i",0,-1,,"false"
"2026-09-18T05:53:32Z",449,"Hall","NEW","32.2","38.0","46.0","54.1",2,608,"14.5",52,158154,91750,18,359,"4.5","a",0,2,,"false"
"2026-09-18T05:53:32Z",450,"Livramento","NEW","0.7","1.1","1.7","2.3",1,42,"0.1",49,3118,960,4,33,"1.0","a",0,-1,,"false"
"2026-09-18T05:53:32Z",451,"A.Murphy","NEW","0.0","0.0","0.0","0.0",0,-1,"0.1",40,0,536,0,0,"0.0","u",0,0,,"false"
"2026-09-18T05:53:32Z",453,"Barnes","NEW","94.9","106.7","123.2","139.7",5,1242,"3.7",60,133904,30824,19,360,"4.8","a",0,0,,"false"
"2026-09-18T05:53:32Z",454,"Elanga","NEW","-91.0","-109.9","-136.4","-162.8",-5,-4005,"7.5",62,53510,433568,18,232,"4.5","i",0,2,,"false"
"2026-09-18T05:53:32Z",456,"J.Ramsey","NEW","-18.6","-23.8","-31.0","-38.2",-2,-45,"0.3",49,1782,6957,7,69,"1.8","i",0,-1,,"false"
"2026-09-18T05:53:32Z",457,"J.Murphy","NEW","-42.0","-28.0","-8.5","0.1",-2,18,"0.1",59,1450,1438,2,91,"0.5","a",0,-1,,"false"
"2026-09-18T05:53:32Z",458,"Joelinton","NEW","-44.2","-44.2","-44.2","-44.2",-3,0,"0.0",54,38,152,0,0,"0.0","i",0,-1,,"false"
"2026-09-18T05:53:32Z",459,"L.Miley","NEW","0.5","0.5","0.6","0.7",1,6,"0.1",55,865,1056,8,306,"2.0","a",0,0,,"false"
"2026-09-18T05:53:32Z",460,"Willock","NEW","10.6","10.7","10.7","10.7",1,2,"0.5",50,5145,6540,12,198,"3.0","a",0,0,,"false"
"2026-09-18T05:53:32Z",461,"Touré","NEW","-5.3","-3.5","-1.0","0.0",-1,2,"0.1",58,1294,1256,7,34,"1.8","a",0,-2,,"false"
"2026-09-18T05:53:32Z",462,"Steur","NEW","-38.1","-39.7","-42.0","-44.2",-2,-1,"0.1",49,302,799,5,158,"1.2","a",0,-1,,"false"
"2026-09-18T05:53:32Z",463,"Woltemade","NEW","0.0","0.0","0.0","0.0",0,-32,"0.5",59,0,9750,4,19,"1.0","u",0,-1,,"false"
"2026-09-18T05:53:32Z",464,"Wissa","NEW","42.0","50.7","62.8","75.0",3,913,"18.5",62,210144,165635,15,351,"3.8","a",0,2,,"false"
"2026-09-18T05:53:32Z",465,"Osula","NEW","-101.3","-104.0","-107.8","-111.7",-5,-26,"0.3",59,163,5203,4,55,"1.0","i",0,-1,,"false"
"2026-09-18T05:53:32Z",466,"Neave","NEW","0.0","0.0","0.0","0.0",0,-29,"0.6",45,0,7390,0,0,"0.0","u",0,0,,"false"
"2026-09-18T05:53:32Z",559,"Bamba","NEW","-35.6","-41.2","-49.1","-57.1",-3,-6,"0.1",49,307,896,2,24,"0.5","a",0,-1,,"false"
"2026-09-18T05:53:32Z",567,"Horníček","NEW","19.4","19.8","20.5","21.1",1,49,"1.5",50,17202,11746,11,360,"2.8","a",0,0,,"false"
"2026-09-18T05:53:32Z",593,"Dedić","NEW","33.2","23.4","9.7","-6.0",2,-1034,"2.5",45,11009,55403,13,327,"3.2","i",0,0,,"false"
"2026-09-18T05:53:32Z",609,"Shahar","NEW","0.0","0.0","0.0","0.0",0,-6,"0.2",40,0,4909,0,0,"0.0","u",0,0,,"false"
"2026-09-18T05:53:32Z",634,"Fernandez-Pardo","NEW","0.1","0.2","0.3","0.4",1,9,"0.1",60,2572,1856,2,84,"1.0","a",0,0,,"false"
"2026-09-18T05:53:32Z",659,"Miley","NEW","0.0","0.0","0.0","0.0",0,0,"0.0",45,2386,417,0,0,"0.0","a",0,0,"2026-09-27T21:39:41.033165Z","false"
"2026-09-18T05:53:32Z",167,"Delap","NFO","62.2","77.3","98.4","119.4",3,1586,"2.1",55,124452,14974,8,187,"2.0","a",0,0,,"false"
"2026-09-18T05:53:32Z",201,"Muñoz","NFO","-55.7","-50.3","-42.8","-35.2",-3,321,"5.9",54,55049,40411,3,175,"0.8","a",0,-1,,"false"
"2026-09-18T05:53:32Z",467,"Sels","NFO","2.0","3.1","4.6","6.1",1,113,"1.7",50,27131,9485,12,360,"3.0","a",0,0,,"false"
"2026-09-18T05:53:32Z",468,"John","NFO","-58.6","-58.6","-58.6","-58.6",-3,0,"0.1",45,157,280,0,0,"0.0","a",0,0,,"false"
"2026-09-18T05:53:32Z",469,"N.Williams","NFO","7.2","12.7","20.4","28.1",1,578,"9.0",50,93207,37821,17,360,"4.2","a",0,0,,"false"
"2026-09-18T05:53:32Z",470,"Morato","NFO","0.0","0.0","0.0","0.0",0,0,"0.0",50,0,358,0,0,"0.0","u",0,0,,"false"
"2026-09-18T05:53:32Z",471,"Milenković","NFO","-78.4","-86.7","-98.5","-110.2",-3,-290,"1.2",55,232,37265,12,270,"3.0","i",0,0,,"false"
"2026-09-18T05:53:32Z",472,"Murillo","NFO","13.9","16.9","21.1","25.3",1,316,"2.1",55,41776,8297,19,359,"4.8","a",0,0,,"false"
"2026-09-18T05:53:32Z",473,"Aina","NFO","-83.1","-80.8","-77.5","-74.3",-3,60,"2.6",45,14471,19008,8,306,"2.0","a",0,0,,"false"
"2026-09-18T05:53:32Z",474,"Jair Cunha","NFO","-5.5","-12.4","-22.0","-31.6",-1,-25,"0.2",45,170,3807,10,270,"2.5","d",0,0,,"false"
"2026-09-18T05:53:32Z",475,"Savona","NFO","-11.9","-11.9","-11.9","-11.9",-1,0,"0.0",45,13,26,0,0,"0.0","i",0,0,,"false"
"2026-09-18T05:53:32Z",476,"O.Richards","NFO","-49.2","-48.3","-47.0","-45.7",-3,2,"0.2",40,839,1289,0,0,"0.0","a",0,0,,"false"
"2026-09-18T05:53:32Z",477,"Abbott","NFO","0.0","0.0","0.0","0.0",0,-4,"0.2",40,0,1803,0,0,"0.0","u",0,0,,"false"
"2026-09-18T05:53:32Z",478,"Netz","NFO","-1.8","0.0","0.0","0.0",0,1,"0.0",44,184,289,2,20,"0.5","a",-1,-1,,"false"
"2026-09-18T05:53:32Z",479,"Bindon","NFO","0.0","0.0","0.0","0.0",0,-4,"0.1",40,0,1073,0,0,"0.0","u",0,0,,"false"
"2026-09-18T05:53:32Z",480,"Gibbs-White","NFO","26.4","39.7","58.3","76.9",2,3795,"14.4",80,474175,29311,26,360,"6.5","a",1,0,,"false"
"2026-09-18T05:53:32Z",482,"Hudson-Odoi","NFO","-5.8","-7.7","-10.4","-13.1",-1,-5,"0.2",58,1447,2071,1,1,"0.2","a",-1,-2,,"false"
"2026-09-18T05:53:32Z",483,"Ndoye","NFO","11.3","12.5","14.3","16.0",1,132,"0.7",55,17522,8952,14,258,"3.5","a",0,0,,"false"
"2026-09-18T05:53:32Z",484,"Hutchinson","NFO","0.0","0.0","0.0","0.0",0,0,"0.1",54,0,879,0,0,"0.0","u",0,-1,,"false"
"2026-09-18T05:53:32Z",485,"Bakwa","NFO","0.0","0.0","0.0","0.0",0,0,"0.0",55,0,53,0,0,"0.0","u",0,0,,"false"
"2026-09-18T05:53:32Z",486,"McAtee","NFO","1.9","2.1","2.3","2.5",1,16,"0.1",55,2610,1261,10,334,"2.5","a",0,0,,"false"
"2026-09-18T05:53:32Z",487,"Dominguez","NFO","-34.2","-40.9","-50.3","-59.6",-3,-4,"0.1",49,210,587,1,1,"0.2","a",0,-1,,"false"
"2026-09-18T05:53:32Z",488,"I.Sangaré","NFO","-41.1","-46.5","-54.0","-61.6",-3,-26,"0.5",49,1228,4317,3,98,"0.8","a",0,-1,,"false"
"2026-09-18T05:53:32Z",489,"Yates","NFO","-45.2","-47.1","-49.7","-52.3",-3,-24,"1.2",45,2568,12418,0,0,"0.0","a",0,0,,"false"
"2026-09-18T05:53:32Z",490,"Wood","NFO","-17.2","-19.4","-22.4","-25.5",-1,-36,"0.9",58,4175,12232,3,45,"0.8","a",-1,-2,,"false"
"2026-09-18T05:53:32Z",491,"Igor Jesus","NFO","13.4","16.2","20.1","24.0",1,295,"2.7",58,47960,23734,11,226,"2.8","a",-1,-2,,"false"
"2026-09-18T05:53:32Z",493,"Kalimuendo","NFO","0.2","0.1","0.0","-9.1",1,-6,"0.1",54,421,674,1,1,"0.2","a",0,-1,,"false"
"2026-09-18T05:53:32Z",558,"Schlager","NFO","0.3","0.4","0.5","0.6",1,8,"0.1",50,2282,982,11,286,"2.8","a",0,0,,"false"
"2026-09-18T05:53:32Z",581,"Diomande","NFO","-45.7","-42.7","-38.7","-34.6",-3,16,"0.5",54,3061,2722,5,91,"1.2","a",0,-1,,"false"
"2026-09-18T05:53:32Z",590,"Benda","NFO","0.1","0.1","0.0","0.0",1,-2,"0.1",45,348,444,0,0,"0.0","a",0,0,,"false"
"2026-09-18T05:53:32Z",112,"Van Hecke","TOT","-19.8","-18.6","-16.8","-15.1",-1,84,"6.7",49,30882,32175,18,360,"4.5","a",0,-1,,"false"
"2026-09-18T05:53:32Z",147,"Tosin","TOT","-16.8","-19.0","-22.0","-24.9",-1,-3,"0.2",44,344,791,1,5,"0.2","a",0,-1,,"false"
"2026-09-18T05:53:32Z",401,"Marmoush","TOT","35.8","36.6","37.9","39.1",2,93,"2.2",70,22077,36895,6,249,"1.5","a",0,0,,"false"
"2026-09-18T05:53:32Z",403,"Sávio","TOT","11.0","11.2","11.5","11.9",1,26,"0.7",65,9004,10030,6,150,"1.5","a",0,0,,"false"
"2026-09-18T05:53:32Z",455,"Tonali","TOT","-99.4","-109.2","-122.9","-136.6",-5,-377,"2.1",54,3148,47646,12,344,"3.0","d",0,-1,,"false"
"2026-09-18T05:53:32Z",494,"Vicario","TOT","0.0","0.0","0.0","0.0",0,-3,"0.1",45,0,1460,0,0,"0.0","u",0,0,,"false"
"2026-09-18T05:53:32Z",495,"Austin","TOT","2.0","2.0","1.9","1.9",1,-2,"1.0",40,4992,3730,0,0,"0.0","a",0,0,,"false"
"2026-09-18T05:53:32Z",496,"Kinsky","TOT","-36.1","-35.4","-34.5","-33.6",-2,122,"18.3",45,71984,70443,16,360,"4.0","a",0,0,,"false"
"2026-09-18T05:53:32Z",497,"Dubravka","TOT","-17.0","-17.4","-18.0","-18.5",-1,-71,"17.6",40,45032,65685,0,0,"0.0","a",0,0,,"false"
"2026-09-18T05:53:32Z",498,"Senesi","TOT","-32.1","-36.1","-41.7","-47.3",-2,-266,"3.9",58,2097,57121,3,90,"0.8","a",-1,-2,,"false"
"2026-09-18T05:53:32Z",499,"Pedro Porro","TOT","-1.2","-5.2","-10.8","-16.4",-1,-1092,"8.5",54,1636,208632,8,180,"2.0","d",-1,-1,,"false"
"2026-09-18T05:53:32Z",500,"Romero","TOT","0.0","0.0","0.0","0.0",0,0,"0.1",50,0,549,0,0,"0.0","u",0,0,,"false"
"2026-09-18T05:53:32Z",502,"Robertson","TOT","1.4","1.8","2.4","3.1",1,47,"2.6",44,15517,16367,13,276,"3.2","a",0,-1,,"false"
"2026-09-18T05:53:32Z",503,"Van de Ven","TOT","-6.3","-4.6","-2.2","0.1",-1,69,"3.9",50,24409,16309,15,270,"3.8","a",0,0,,"false"
"2026-09-18T05:53:32Z",505,"Spence","TOT","0.0","0.0","0.0","0.0",0,-5,"0.2",45,0,2266,0,0,"0.0","u",0,0,,"false"
"2026-09-18T05:53:32Z",506,"Udogie","TOT","-3.4","-3.3","-3.0","-2.8",-1,1,"0.3",44,639,4353,7,86,"1.8","a",-1,-1,,"false"
"2026-09-18T05:53:32Z",507,"Phillips","TOT","0.0","0.0","0.0","0.0",0,0,"0.0",45,0,89,0,0,"0.0","u",0,0,,"false"
"2026-09-18T05:53:32Z",508,"Davies","TOT","-97.1","-99.0","-101.7","-104.4",-4,-16,"0.8",40,1661,5977,0,0,"0.0","a",0,0,,"false"
"2026-09-18T05:53:32Z",509,"Byfield","TOT","0.0","0.0","0.0","-2.4",0,-1,"0.1",40,457,459,0,0,"0.0","a",0,0,,"false"
"2026-09-18T05:53:32Z",510,"Rowswell","TOT","-6.9","-5.7","-4.2","-2.6",-1,1,"0.1",40,525,599,0,0,"0.0","a",0,0,,"false"
"2026-09-18T05:53:32Z",511,"Souza","TOT","0.0","0.0","0.0","0.0",0,-7,"0.2",40,0,1922,0,0,"0.0","u",0,0,,"false"
"2026-09-18T05:53:32Z",512,"Kudus","TOT","1.3","1.3","1.3","1.4",1,3,"0.1",65,1939,2285,3,78,"0.8","a",0,0,,"false"
"2026-09-18T05:53:32Z",513,"Xavi","TOT","-9.5","-9.5","-9.5","-9.5",-1,0,"0.0",59,48,109,0,0,"0.0","i",0,-1,,"false"
"2026-09-18T05:53:32Z",514,"Tel","TOT","-101.0","-108.5","-119.0","-129.5",-5,-16,"0.2",58,676,4442,8,257,"2.0","a",0,-2,,"false"
"2026-09-18T05:53:32Z",515,"Maddison","TOT","-39.8","-44.0","-49.8","-55.7",-3,-18,"0.4",63,1276,3551,2,35,"0.5","a",0,-2,,"false"
"2026-09-18T05:53:32Z",516,"Bentancur","TOT","-64.2","-59.1","-52.0","-44.9",-3,9,"0.2",55,1529,1249,11,287,"2.8","a",0,0,,"false"
"2026-09-18T05:53:32Z",517,"Odobert","TOT","0.0","0.0","0.0","0.0",0,0,"0.0",55,19,16,0,0,"0.0","i",0,0,,"false"
"2026-09-18T05:53:32Z",518,"P.M.Sarr","TOT","0.0","0.0","0.0","0.0",0,-8,"0.1",49,0,1749,0,0,"0.0","u",0,-1,,"false"
"2026-09-18T05:53:32Z",519,"Gallagher","TOT","-0.2","-0.7","-1.3","-2.0",-1,-2,"0.2",53,501,2050,3,128,"0.8","a",-1,-2,,"false"
"2026-09-18T05:53:32Z",520,"Bergvall","TOT","-75.9","-74.3","-72.1","-69.9",-3,2,"0.1",54,274,998,2,72,"0.5","a",0,-1,,"false"
"2026-09-18T05:53:32Z",521,"Kulusevski","TOT","-79.5","-79.5","-79.5","-79.5",-3,0,"0.0",65,57,80,0,0,"0.0","i",0,0,,"false"
"2026-09-18T05:53:32Z",522,"Gray","TOT","-2.0","-0.6","0.0","0.1",-1,5,"0.2",49,1325,1768,7,236,"1.8","a",-1,-1,,"false"
"2026-09-18T05:53:32Z",523,"Moore","TOT","0.0","0.0","0.0","0.0",0,-7,"0.1",50,0,1495,3,89,"0.8","u",0,0,,"false"
"2026-09-18T05:53:32Z",524,"Olusesi","TOT","7.6","7.6","7.5","7.4",1,-7,"1.0",44,29455,12295,0,0,"0.0","a",0,-1,,"false"
"2026-09-18T05:53:32Z",525,"Fernandes","TOT","-62.5","-66.0","-70.9","-75.8",-3,-30,"0.8",58,1810,10777,6,204,"1.5","a",0,-2,,"false"
"2026-09-18T05:53:32Z",526,"Solanke","TOT","-6.5","-6.5","-6.4","-6.4",-1,1,"0.9",58,4259,10223,5,105,"1.2","a",-1,-2,,"false"
"2026-09-18T05:53:32Z",527,"Richarlison","TOT","0.0","0.0","0.0","0.0",0,-110,"0.7",59,0,16841,2,67,"0.5","u",0,-1,,"false"
"2026-09-18T05:53:32Z",528,"Scarlett","TOT","0.0","0.0","0.0","0.0",0,-43,"1.2",45,0,14925,0,0,"0.0","u",0,0,,"false"
"2026-09-18T05:53:32Z",578,"Mudryk","TOT","-79.4","-83.8","-90.1","-96.3",-3,-6,"0.0",54,31,1852,1,16,"0.2","i",0,-1,,"false"
"2026-09-18T05:53:32Z",601,"Williams-Barnett","TOT","-18.8","-22.7","-28.1","-33.4",-2,-5,"0.1",45,553,1393,0,0,"0.0","a",0,0,,"false"
"2026-09-18T05:53:32Z",501,"Danso","SUN","-87.1","-87.1","-87.1","-87.1",-3,0,"0.2",50,1280,1237,3,180,"0.8","a",0,0,,"false"
"2026-09-18T05:53:32Z",529,"Roefs","SUN","-9.1","-11.3","-14.3","-17.3",-1,-97,"2.6",49,2010,27661,11,360,"2.8","a",-1,-1,,"false"
"2026-09-18T05:53:32Z",530,"Patterson","SUN","0.0","0.0","0.0","0.0",0,0,"0.1",40,0,650,0,0,"0.0","u",0,0,,"false"
"2026-09-18T05:53:32Z",531,"Ellborg","SUN","-83.3","-85.9","-89.4","-92.9",-3,-2,"0.1",45,146,430,0,0,"0.0","a",0,0,,"false"
"2026-09-18T05:53:32Z",532,"Ballard","SUN","-50.8","-57.6","-67.1","-76.5",-3,-189,"2.8",49,5307,36544,12,360,"3.0","a",0,-1,,"false"
"2026-09-18T05:53:32Z",533,"Mukiele","SUN","-12.1","-15.2","-19.6","-24.0",-1,-107,"2.0",54,4471,21761,13,270,"3.2","a",-1,-1,,"false"
"2026-09-18T05:53:32Z",534,"Hume","SUN","-72.9","-80.5","-91.1","-101.7",-3,-250,"3.3",44,1531,63677,9,195,"2.2","a",0,-1,,"false"
"2026-09-18T05:53:32Z",535,"Alderete","SUN","-76.6","-83.2","-92.4","-101.6",-3,-17,"0.2",49,225,3143,1,23,"0.2","a",0,-1,,"false"
"2026-09-18T05:53:32Z",536,"Reinildo","SUN","-76.0","-81.9","-90.1","-98.4",-3,-48,"0.3",45,121,7281,7,360,"1.8","s",0,0,,"false"
"2026-09-18T05:53:32Z",537,"Seelt","SUN","0.0","0.0","0.0","0.0",0,0,"0.0",45,0,39,0,0,"0.0","u",0,0,,"false"
"2026-09-18T05:53:32Z",538,"Hjelde","SUN","0.0","0.0","0.0","0.0",0,0,"0.0",40,0,242,0,0,"0.0","u",0,0,,"false"
"2026-09-18T05:53:32Z",539,"O'Nien","SUN","-100.0","-103.4","-108.2","-113.0",-5,-85,"2.5",40,1812,18385,1,66,"0.2","a",0,0,,"false"
"2026-09-18T05:53:32Z",540,"Masuaku","SUN","0.0","0.0","0.0","0.0",0,-4,"0.1",40,0,1086,0,0,"0.0","u",0,0,,"false"
"2026-09-18T05:53:32Z",541,"Meunier","SUN","-33.3","-35.7","-39.0","-42.3",-2,-6,"0.3",45,786,1617,11,318,"2.8","a",0,0,,"false"
"2026-09-18T05:53:32Z",542,"E.Le Fée","SUN","-75.6","-86.3","-101.1","-116.0",-3,-399,"3.7",58,4511,69997,13,348,"3.2","a",0,-2,,"false"
"2026-09-18T05:53:32Z",543,"Diarra","SUN","-58.5","-61.6","-66.1","-70.5",-3,-2,"0.0",54,9,524,5,28,"1.2","i",0,-1,,"false"
"2026-09-18T05:53:32Z",544,"Xhaka","SUN","-31.7","-36.5","-43.2","-50.0",-2,-189,"3.9",55,11073,44899,19,360,"4.8","a",0,0,,"false"
"2026-09-18T05:53:32Z",545,"Sadiki","SUN","-33.8","-35.1","-36.9","-38.7",-2,-3,"0.2",49,977,2733,8,343,"2.0","a",0,-1,,"false"
"2026-09-18T05:53:32Z",546,"Adingra","SUN","0.0","0.0","0.0","0.0",0,0,"0.0",49,0,526,0,0,"0.0","u",0,-1,,"false"
"2026-09-18T05:53:32Z",547,"Mundle","SUN","-41.3","-54.0","-71.7","-89.4",-3,-2,"0.0",49,14,110,1,1,"0.2","i",0,-1,,"false"
"2026-09-18T05:53:32Z",548,"Rigg","SUN","-37.7","-40.1","-43.6","-47.0",-3,-1,"0.0",49,51,390,2,17,"0.5","a",0,-1,,"false"
"2026-09-18T05:53:32Z",549,"Talbi","SUN","-10.3","-15.5","-22.8","-30.1",-1,-12,"0.1",53,274,1289,1,31,"0.2","a",-1,-2,,"false"
"2026-09-18T05:53:32Z",550,"Jocelin.T","SUN","-66.7","-86.6","-114.4","-142.2",-3,-1,"0.0",50,52,69,0,0,"0.0","a",0,0,,"false"
"2026-09-18T05:53:32Z",551,"N.Angulo","SUN","1.4","1.4","1.4","1.4",1,-1,"0.1",50,613,1663,12,254,"3.0","a",0,0,,"false"
"2026-09-18T05:53:32Z",552,"Brobbey","SUN","-81.9","-92.2","-106.6","-121.0",-3,-597,"5.8",58,9715,111982,7,309,"1.8","a",0,-2,,"false"
"2026-09-18T05:53:32Z",553,"Isidor","SUN","8.9","8.0","6.8","5.5",1,-95,"1.4",55,5431,19627,14,95,"3.5","a",0,0,,"false"
"2026-09-18T05:53:32Z",612,"Methalie","SUN","-4.7","-4.7","-4.7","-4.7",-1,0,"0.0",45,114,82,0,0,"0.0","a",0,0,,"false"
"2026-09-18T05:53:32Z",613,"Ahoka","SUN","-13.5","-16.9","-21.7","-26.5",-1,-8,"0.2",45,1891,3054,0,0,"0.0","a",0,0,,"false"
"2026-09-18T05:53:32Z",646,"Fofana","SUN","-9.0","-14.7","-22.7","-30.8",-1,-2,"0.0",55,402,521,2,30,"1.0","a",0,0,,"false"
"2026-09-18T05:53:32Z",651,"J.Angulo","SUN","2.4","3.0","3.9","4.8",1,68,"0.7",45,26629,9231,0,0,"0.0","a",0,0,,"false"
